211,DSK,14,1,3,ShareAll BX2A,"(1,Common,1)","(1,Common,0)","(1,Common,0)","(1,Common,0)","(1,Common,0)","(1,Common,0)","(1,Common,0)","(1,Common,0)","(1,Uncommon,0)","(1,Uncommon,0)","(1,Uncommon,0)","(1,Uncommon,0)","(1,Rare,0)","(1,Rare,0)","(1,Legendary,0)"
36,ANT,3,1,4,MX1000 Red,"(1,Common,1)","(1,Common,0)","(1,Common,0)","(1,Common,0)","(1,Common,0)","(1,Common,0)","(1,Common,0)","(1,Common,0)","(1,Uncommon,0)","(1,Uncommon,0)","(1,Uncommon,0)","(1,Uncommon,0)","(1,Rare,0)","(1,Rare,0)","(1,Legendary,0)"
80,BRD,5,4,4,I01-640-TMN59,"(1,Common,1)","(1,Common,0)","(1,Common,0)","(1,Common,0)","(1,Common,0)","(1,Common,0)","(1,Common,0)","(1,Common,0)","(1,Uncommon,0)","(1,Uncommon,0)","(1,Uncommon,0)","(1,Uncommon,0)","(1,Rare,0)","(1,Rare,0)","(1,Legendary,0)"
70,BRD,5,2,2,X01-570-DBI87,"(1,Common,1)","(1,Common,0)","(1,Common,0)","(1,Common,0)","(1,Common,0)","(1,Common,0)","(1,Common,0)","(1,Common,0)","(1,Uncommon,0)","(1,Uncommon,0)","(1,Uncommon,0)","(1,Uncommon,0)","(1,Rare,0)","(1,Rare,0)","(1,Legendary,0)"
9,ANT,1,3,1,Strata 330a,"(1,Common,1)","(1,Common,0)","(1,Common,0)","(1,Common,0)","(1,Common,0)","(1,Common,0)","(1,Common,0)","(1,Common,0)","(1,Uncommon,0)","(1,Uncommon,0)","(1,Uncommon,0)","(1,Uncommon,0)","(1,Rare,0)","(1,Rare,0)","(1,Legendary,0)"
169,CPU,11,3,1,OpenServ 04,"(1,Common,1)","(1,Common,0)","(1,Common,0)","(1,Common,0)","(1,Common,0)","(1,Common,0)","(1,Common,0)","(1,Common,0)","(1,Uncommon,0)","(1,Uncommon,0)","(1,Uncommon,0)","(1,Uncommon,0)","(1,Rare,0)","(1,Rare,0)","(1,Legendary,0)"
37,ANT,3,2,1,AX1500 Chocolate,"(1,Common,1)","(1,Common,0)","(1,Common,0)","(1,Common,0)","(1,Common,0)","(1,Common,0)","(1,Common,0)","(1,Common,0)","(1,Uncommon,0)","(1,Uncommon,0)","(1,Uncommon,0)","(1,Uncommon,0)","(1,Rare,0)","(1,Rare,0)","(1,Legendary,0)"
178,CPU,12,1,2,Cap Madder,"(1,Common,1)","(1,Common,0)","(1,Common,0)","(1,Common,0)","(1,Common,0)","(1,Common,0)","(1,Common,0)","(1,Common,0)","(1,Uncommon,0)","(1,Uncommon,0)","(1,Uncommon,0)","(1,Uncommon,0)","(1,Rare,0)","(1,Rare,0)","(1,Legendary,0)"
155,CPU,10,3,3,Newton,"(1,Common,1)","(1,Common,0)","(1,Common,0)","(1,Common,0)","(1,Common,0)","(1,Common,0)","(1,Common,0)","(1,Common,0)","(1,Uncommon,0)","(1,Uncommon,0)","(1,Uncommon,0)","(1,Uncommon,0)","(1,Rare,0)","(1,Rare,0)","(1,Legendary,0)"
16,ANT,1,4,4,Mosaic 210o,"(1,Common,1)","(1,Common,0)","(1,Common,0)","(1,Common,0)","(1,Common,0)","(1,Common,0)","(1,Common,0)","(1,Common,0)","(1,Uncommon,0)","(1,Uncommon,0)","(1,Uncommon,0)","(1,Uncommon,0)","(1,Rare,0)","(1,Rare,0)","(1,Legendary,0)"
69,BRD,5,2,1,X01-570-BYA65,"(1,Common,1)","(1,Common,0)","(1,Common,0)","(1,Common,0)","(1,Common,0)","(1,Common,0)","(1,Common,0)","(1,Common,0)","(1,Uncommon,0)","(1,Uncommon,0)","(1,Uncommon,0)","(1,Uncommon,0)","(1,Rare,0)","(1,Rare,0)","(1,Legendary,0)"
71,BRD,5,2,3,X01-570-SBZ59,"(1,Common,1)","(1,Common,0)","(1,Common,0)","(1,Common,0)","(1,Common,0)","(1,Common,0)","(1,Common,0)","(1,Common,0)","(1,Uncommon,0)","(1,Uncommon,0)","(1,Uncommon,0)","(1,Uncommon,0)","(1,Rare,0)","(1,Rare,0)","(1,Legendary,0)"
204,DSK,13,3,4,Black Gen4,"(1,Common,1)","(1,Common,0)","(1,Common,0)","(1,Common,0)","(1,Common,0)","(1,Common,0)","(1,Common,0)","(1,Common,0)","(1,Uncommon,0)","(1,Uncommon,0)","(1,Uncommon,0)","(1,Uncommon,0)","(1,Rare,0)","(1,Rare,0)","(1,Legendary,0)"
240,DSK,15,4,4,SOHOSafe Extra,"(1,Common,1)","(1,Common,0)","(1,Common,0)","(1,Common,0)","(1,Common,0)","(1,Common,0)","(1,Common,0)","(1,Common,0)","(1,Uncommon,0)","(1,Uncommon,0)","(1,Uncommon,0)","(1,Uncommon,0)","(1,Rare,0)","(1,Rare,0)","(1,Legendary,0)"
208,DSK,13,4,4,Green Gen4,"(1,Common,1)","(1,Common,0)","(1,Common,0)","(1,Common,0)","(1,Common,0)","(1,Common,0)","(1,Common,0)","(1,Common,0)","(1,Uncommon,0)","(1,Uncommon,0)","(1,Uncommon,0)","(1,Uncommon,0)","(1,Rare,0)","(1,Rare,0)","(1,Legendary,0)"
87,BRD,6,2,3,C2 Cruise,"(1,Common,1)","(1,Common,0)","(1,Common,0)","(1,Common,0)","(1,Common,0)","(1,Common,0)","(1,Common,0)","(1,Common,0)","(1,Uncommon,0)","(1,Uncommon,0)","(1,Uncommon,0)","(1,Uncommon,0)","(1,Rare,0)","(1,Rare,0)","(1,Legendary,0)"
163,CPU,11,1,3,OpenCore 4-X,"(1,Common,1)","(1,Common,0)","(1,Common,0)","(1,Common,0)","(1,Common,0)","(1,Common,0)","(1,Common,0)","(1,Common,0)","(1,Uncommon,0)","(1,Uncommon,0)","(1,Uncommon,0)","(1,Uncommon,0)","(1,Rare,0)","(1,Rare,0)","(1,Legendary,0)"
141,CPU,9,4,1,CC3105,"(1,Common,1)","(1,Common,0)","(1,Common,0)","(1,Common,0)","(1,Common,0)","(1,Common,0)","(1,Common,0)","(1,Common,0)","(1,Uncommon,0)","(1,Uncommon,0)","(1,Uncommon,0)","(1,Uncommon,0)","(1,Rare,0)","(1,Rare,0)","(1,Legendary,0)"
72,BRD,5,2,4,X01-570-VFI41,"(1,Common,1)","(1,Common,0)","(1,Common,0)","(1,Common,0)","(1,Common,0)","(1,Common,0)","(1,Common,0)","(1,Common,0)","(1,Uncommon,0)","(1,Uncommon,0)","(1,Uncommon,0)","(1,Uncommon,0)","(1,Rare,0)","(1,Rare,0)","(1,Legendary,0)"
202,DSK,13,3,2,Black Gen2,"(1,Common,1)","(1,Common,0)","(1,Common,0)","(1,Common,0)","(1,Common,0)","(1,Common,0)","(1,Common,0)","(1,Common,0)","(1,Uncommon,0)","(1,Uncommon,0)","(1,Uncommon,0)","(1,Uncommon,0)","(1,Rare,0)","(1,Rare,0)","(1,Legendary,0)"
65,BRD,5,1,1,A01-490-BGN22,"(1,Common,1)","(1,Common,0)","(1,Common,0)","(1,Common,0)","(1,Common,0)","(1,Common,0)","(1,Common,0)","(1,Common,0)","(1,Uncommon,0)","(1,Uncommon,0)","(1,Uncommon,0)","(1,Uncommon,0)","(1,Rare,0)","(1,Rare,0)","(1,Legendary,0)"
107,BRD,7,3,3,Opus,"(1,Common,1)","(1,Common,0)","(1,Common,0)","(1,Common,0)","(1,Common,0)","(1,Common,0)","(1,Common,0)","(1,Common,0)","(1,Uncommon,0)","(1,Uncommon,0)","(1,Uncommon,0)","(1,Uncommon,0)","(1,Rare,0)","(1,Rare,0)","(1,Legendary,0)"
10,ANT,1,3,2,Strata 330b,"(1,Common,1)","(1,Common,0)","(1,Common,0)","(1,Common,0)","(1,Common,0)","(1,Common,0)","(1,Common,0)","(1,Common,0)","(1,Uncommon,0)","(1,Uncommon,0)","(1,Uncommon,0)","(1,Uncommon,0)","(1,Rare,0)","(1,Rare,0)","(1,Legendary,0)"
78,BRD,5,4,2,I01-640-OMA02,"(1,Common,1)","(1,Common,0)","(1,Common,0)","(1,Common,0)","(1,Common,0)","(1,Common,0)","(1,Common,0)","(1,Common,0)","(1,Uncommon,0)","(1,Uncommon,0)","(1,Uncommon,0)","(1,Uncommon,0)","(1,Rare,0)","(1,Rare,0)","(1,Legendary,0)"
252,DSK,16,3,4,Depot 4000,"(1,Common,1)","(1,Common,0)","(1,Common,0)","(1,Common,0)","(1,Common,0)","(1,Common,0)","(1,Common,0)","(1,Common,0)","(1,Uncommon,0)","(1,Uncommon,0)","(1,Uncommon,0)","(1,Uncommon,0)","(1,Rare,0)","(1,Rare,0)","(1,Legendary,0)"
45,ANT,3,4,1,LX2000 Barley,"(1,Common,1)","(1,Common,0)","(1,Common,0)","(1,Common,0)","(1,Common,0)","(1,Common,0)","(1,Common,0)","(1,Common,0)","(1,Uncommon,0)","(1,Uncommon,0)","(1,Uncommon,0)","(1,Uncommon,0)","(1,Rare,0)","(1,Rare,0)","(1,Legendary,0)"
49,ANT,4,1,1,Albarino,"(1,Common,1)","(1,Common,0)","(1,Common,0)","(1,Common,0)","(1,Common,0)","(1,Common,0)","(1,Common,0)","(1,Common,0)","(1,Uncommon,0)","(1,Uncommon,0)","(1,Uncommon,0)","(1,Uncommon,0)","(1,Rare,0)","(1,Rare,0)","(1,Legendary,0)"
162,CPU,11,1,2,OpenCore 2-Y,"(1,Common,1)","(1,Common,0)","(1,Common,0)","(1,Common,0)","(1,Common,0)","(1,Common,0)","(1,Common,0)","(1,Common,0)","(1,Uncommon,0)","(1,Uncommon,0)","(1,Uncommon,0)","(1,Uncommon,0)","(1,Rare,0)","(1,Rare,0)","(1,Legendary,0)"
34,ANT,3,1,2,MX1000 Black,"(1,Common,1)","(1,Common,0)","(1,Common,0)","(1,Common,0)","(1,Common,0)","(1,Common,0)","(1,Common,0)","(1,Common,0)","(1,Uncommon,0)","(1,Uncommon,0)","(1,Uncommon,0)","(1,Uncommon,0)","(1,Rare,0)","(1,Rare,0)","(1,Legendary,0)"
148,CPU,10,1,4,Leavitt,"(1,Common,1)","(1,Common,0)","(1,Common,0)","(1,Common,0)","(1,Common,0)","(1,Common,0)","(1,Common,0)","(1,Common,0)","(1,Uncommon,0)","(1,Uncommon,0)","(1,Uncommon,0)","(1,Uncommon,0)","(1,Rare,0)","(1,Rare,0)","(1,Legendary,0)"
200,DSK,13,2,4,Yellow Gen4,"(1,Common,1)","(1,Common,0)","(1,Common,0)","(1,Common,0)","(1,Common,0)","(1,Common,0)","(1,Common,0)","(1,Common,0)","(1,Uncommon,0)","(1,Uncommon,0)","(1,Uncommon,0)","(1,Uncommon,0)","(1,Rare,0)","(1,Rare,0)","(1,Legendary,0)"
94,BRD,6,4,2,S5 Silent,"(1,Common,1)","(1,Common,0)","(1,Common,0)","(1,Common,0)","(1,Common,0)","(1,Common,0)","(1,Common,0)","(1,Common,0)","(1,Uncommon,0)","(1,Uncommon,0)","(1,Uncommon,0)","(1,Uncommon,0)","(1,Rare,0)","(1,Rare,0)","(1,Legendary,0)"
89,BRD,6,3,1,T7 Tantamount,"(1,Common,1)","(1,Common,0)","(1,Common,0)","(1,Common,0)","(1,Common,0)","(1,Common,0)","(1,Common,0)","(1,Common,0)","(1,Uncommon,0)","(1,Uncommon,0)","(1,Uncommon,0)","(1,Uncommon,0)","(1,Rare,0)","(1,Rare,0)","(1,Legendary,0)"
114,BRD,8,1,2,Frequency H350H,"(1,Common,1)","(1,Common,0)","(1,Common,0)","(1,Common,0)","(1,Common,0)","(1,Common,0)","(1,Common,0)","(1,Common,0)","(1,Uncommon,0)","(1,Uncommon,0)","(1,Uncommon,0)","(1,Uncommon,0)","(1,Rare,0)","(1,Rare,0)","(1,Legendary,0)"
33,ANT,3,1,1,MX1000 Amber,"(1,Common,1)","(1,Common,0)","(1,Common,0)","(1,Common,0)","(1,Common,0)","(1,Common,0)","(1,Common,0)","(1,Common,0)","(1,Uncommon,0)","(1,Uncommon,0)","(1,Uncommon,0)","(1,Uncommon,0)","(1,Rare,0)","(1,Rare,0)","(1,Legendary,0)"
245,DSK,16,2,1,Silo 40,"(1,Common,1)","(1,Common,0)","(1,Common,0)","(1,Common,0)","(1,Common,0)","(1,Common,0)","(1,Common,0)","(1,Common,0)","(1,Uncommon,0)","(1,Uncommon,0)","(1,Uncommon,0)","(1,Uncommon,0)","(1,Rare,0)","(1,Rare,0)","(1,Legendary,0)"
147,CPU,10,1,3,Galilei,"(1,Common,1)","(1,Common,0)","(1,Common,0)","(1,Common,0)","(1,Common,0)","(1,Common,0)","(1,Common,0)","(1,Common,0)","(1,Uncommon,0)","(1,Uncommon,0)","(1,Uncommon,0)","(1,Uncommon,0)","(1,Rare,0)","(1,Rare,0)","(1,Legendary,0)"
228,DSK,15,1,4,HomeSafe Extra,"(1,Common,1)","(1,Common,0)","(1,Common,0)","(1,Common,0)","(1,Common,0)","(1,Common,0)","(1,Common,0)","(1,Common,0)","(1,Uncommon,0)","(1,Uncommon,0)","(1,Uncommon,0)","(1,Uncommon,0)","(1,Rare,0)","(1,Rare,0)","(1,Legendary,0)"
105,BRD,7,3,1,Contribuens,"(1,Common,1)","(1,Common,0)","(1,Common,0)","(1,Common,0)","(1,Common,0)","(1,Common,0)","(1,Common,0)","(1,Common,0)","(1,Uncommon,0)","(1,Uncommon,0)","(1,Uncommon,0)","(1,Uncommon,0)","(1,Rare,0)","(1,Rare,0)","(1,Legendary,0)"
238,DSK,15,4,2,SOHOSafe Medium,"(1,Common,1)","(1,Common,0)","(1,Common,0)","(1,Common,0)","(1,Common,0)","(1,Common,0)","(1,Common,0)","(1,Common,0)","(1,Uncommon,0)","(1,Uncommon,0)","(1,Uncommon,0)","(1,Uncommon,0)","(1,Rare,0)","(1,Rare,0)","(1,Legendary,0)"
54,ANT,4,2,2,Garganega,"(1,Common,1)","(1,Common,0)","(1,Common,0)","(1,Common,0)","(1,Common,0)","(1,Common,0)","(1,Common,0)","(1,Common,0)","(1,Uncommon,0)","(1,Uncommon,0)","(1,Uncommon,0)","(1,Uncommon,0)","(1,Rare,0)","(1,Rare,0)","(1,Legendary,0)"
29,ANT,2,4,1,ConnectNet Averna,"(1,Common,1)","(1,Common,0)","(1,Common,0)","(1,Common,0)","(1,Common,0)","(1,Common,0)","(1,Common,0)","(1,Common,0)","(1,Uncommon,0)","(1,Uncommon,0)","(1,Uncommon,0)","(1,Uncommon,0)","(1,Rare,0)","(1,Rare,0)","(1,Legendary,0)"
81,BRD,6,1,1,L1 Leisure,"(1,Common,1)","(1,Common,0)","(1,Common,0)","(1,Common,0)","(1,Common,0)","(1,Common,0)","(1,Common,0)","(1,Common,0)","(1,Uncommon,0)","(1,Uncommon,0)","(1,Uncommon,0)","(1,Uncommon,0)","(1,Rare,0)","(1,Rare,0)","(1,Legendary,0)"
73,BRD,5,3,1,S01-720-INT39,"(1,Common,1)","(1,Common,0)","(1,Common,0)","(1,Common,0)","(1,Common,0)","(1,Common,0)","(1,Common,0)","(1,Common,0)","(1,Uncommon,0)","(1,Uncommon,0)","(1,Uncommon,0)","(1,Uncommon,0)","(1,Rare,0)","(1,Rare,0)","(1,Legendary,0)"
6,ANT,1,2,2,Amarillo 120b,"(1,Common,1)","(1,Common,0)","(1,Common,0)","(1,Common,0)","(1,Common,0)","(1,Common,0)","(1,Common,0)","(1,Common,0)","(1,Uncommon,0)","(1,Uncommon,0)","(1,Uncommon,0)","(1,Uncommon,0)","(1,Rare,0)","(1,Rare,0)","(1,Legendary,0)"
19,ANT,2,1,3,CruiseNet Grappa,"(1,Common,1)","(1,Common,0)","(1,Common,0)","(1,Common,0)","(1,Common,0)","(1,Common,0)","(1,Common,0)","(1,Common,0)","(1,Uncommon,0)","(1,Uncommon,0)","(1,Uncommon,0)","(1,Uncommon,0)","(1,Rare,0)","(1,Rare,0)","(1,Legendary,0)"
42,ANT,3,3,2,TX4000 Biscuit,"(1,Common,1)","(1,Common,0)","(1,Common,0)","(1,Common,0)","(1,Common,0)","(1,Common,0)","(1,Common,0)","(1,Common,0)","(1,Uncommon,0)","(1,Uncommon,0)","(1,Uncommon,0)","(1,Uncommon,0)","(1,Rare,0)","(1,Rare,0)","(1,Legendary,0)"
43,ANT,3,3,3,TX4000 Chit,"(1,Common,1)","(1,Common,0)","(1,Common,0)","(1,Common,0)","(1,Common,0)","(1,Common,0)","(1,Common,0)","(1,Common,0)","(1,Uncommon,0)","(1,Uncommon,0)","(1,Uncommon,0)","(1,Uncommon,0)","(1,Rare,0)","(1,Rare,0)","(1,Legendary,0)"
40,ANT,3,2,4,AX1500 Smoke,"(1,Common,1)","(1,Common,0)","(1,Common,0)","(1,Common,0)","(1,Common,0)","(1,Common,0)","(1,Common,0)","(1,Common,0)","(1,Uncommon,0)","(1,Uncommon,0)","(1,Uncommon,0)","(1,Uncommon,0)","(1,Rare,0)","(1,Rare,0)","(1,Legendary,0)"
102,BRD,7,2,2,Concitator,"(1,Common,1)","(1,Common,0)","(1,Common,0)","(1,Common,0)","(1,Common,0)","(1,Common,0)","(1,Common,0)","(1,Common,0)","(1,Uncommon,0)","(1,Uncommon,0)","(1,Uncommon,0)","(1,Uncommon,0)","(1,Rare,0)","(1,Rare,0)","(1,Legendary,0)"
251,DSK,16,3,3,Depot 3000,"(1,Common,1)","(1,Common,0)","(1,Common,0)","(1,Common,0)","(1,Common,0)","(1,Common,0)","(1,Common,0)","(1,Common,0)","(1,Uncommon,0)","(1,Uncommon,0)","(1,Uncommon,0)","(1,Uncommon,0)","(1,Rare,0)","(1,Rare,0)","(1,Legendary,0)"
118,BRD,8,2,2,Conductance J460J,"(1,Common,1)","(1,Common,0)","(1,Common,0)","(1,Common,0)","(1,Common,0)","(1,Common,0)","(1,Common,0)","(1,Common,0)","(1,Uncommon,0)","(1,Uncommon,0)","(1,Uncommon,0)","(1,Uncommon,0)","(1,Rare,0)","(1,Rare,0)","(1,Legendary,0)"
48,ANT,3,4,4,LX2000 Wheat,"(1,Common,1)","(1,Common,0)","(1,Common,0)","(1,Common,0)","(1,Common,0)","(1,Common,0)","(1,Common,0)","(1,Common,0)","(1,Uncommon,0)","(1,Uncommon,0)","(1,Uncommon,0)","(1,Uncommon,0)","(1,Rare,0)","(1,Rare,0)","(1,Legendary,0)"
192,CPU,12,4,4,Peak Titanium,"(1,Common,1)","(1,Common,0)","(1,Common,0)","(1,Common,0)","(1,Common,0)","(1,Common,0)","(1,Common,0)","(1,Common,0)","(1,Uncommon,0)","(1,Uncommon,0)","(1,Uncommon,0)","(1,Uncommon,0)","(1,Rare,0)","(1,Rare,0)","(1,Legendary,0)"
85,BRD,6,2,1,C2 Compete,"(1,Common,1)","(1,Common,0)","(1,Common,0)","(1,Common,0)","(1,Common,0)","(1,Common,0)","(1,Common,0)","(1,Common,0)","(1,Uncommon,0)","(1,Uncommon,0)","(1,Uncommon,0)","(1,Uncommon,0)","(1,Rare,0)","(1,Rare,0)","(1,Legendary,0)"
223,DSK,14,4,3,AdvCollab PX3A,"(1,Common,1)","(1,Common,0)","(1,Common,0)","(1,Common,0)","(1,Common,0)","(1,Common,0)","(1,Common,0)","(1,Common,0)","(1,Uncommon,0)","(1,Uncommon,0)","(1,Uncommon,0)","(1,Uncommon,0)","(1,Rare,0)","(1,Rare,0)","(1,Legendary,0)"
101,BRD,7,2,1,Adfici,"(1,Common,1)","(1,Common,0)","(1,Common,0)","(1,Common,0)","(1,Common,0)","(1,Common,0)","(1,Common,0)","(1,Common,0)","(1,Uncommon,0)","(1,Uncommon,0)","(1,Uncommon,0)","(1,Uncommon,0)","(1,Rare,0)","(1,Rare,0)","(1,Legendary,0)"
111,BRD,7,4,3,Gratis,"(1,Common,1)","(1,Common,0)","(1,Common,0)","(1,Common,0)","(1,Common,0)","(1,Common,0)","(1,Common,0)","(1,Common,0)","(1,Uncommon,0)","(1,Uncommon,0)","(1,Uncommon,0)","(1,Uncommon,0)","(1,Rare,0)","(1,Rare,0)","(1,Legendary,0)"
24,ANT,2,2,4,SurfNet Pastis,"(1,Common,1)","(1,Common,0)","(1,Common,0)","(1,Common,0)","(1,Common,0)","(1,Common,0)","(1,Common,0)","(1,Common,0)","(1,Uncommon,0)","(1,Uncommon,0)","(1,Uncommon,0)","(1,Uncommon,0)","(1,Rare,0)","(1,Rare,0)","(1,Legendary,0)"
161,CPU,11,1,1,OpenCore 2-X,"(1,Common,1)","(1,Common,0)","(1,Common,0)","(1,Common,0)","(1,Common,0)","(1,Common,0)","(1,Common,0)","(1,Common,0)","(1,Uncommon,0)","(1,Uncommon,0)","(1,Uncommon,0)","(1,Uncommon,0)","(1,Rare,0)","(1,Rare,0)","(1,Legendary,0)"
215,DSK,14,2,3,RapidShare BX5G,"(1,Common,1)","(1,Common,0)","(1,Common,0)","(1,Common,0)","(1,Common,0)","(1,Common,0)","(1,Common,0)","(1,Common,0)","(1,Uncommon,0)","(1,Uncommon,0)","(1,Uncommon,0)","(1,Uncommon,0)","(1,Rare,0)","(1,Rare,0)","(1,Legendary,0)"
108,BRD,7,3,4,Professio,"(1,Common,1)","(1,Common,0)","(1,Common,0)","(1,Common,0)","(1,Common,0)","(1,Common,0)","(1,Common,0)","(1,Common,0)","(1,Uncommon,0)","(1,Uncommon,0)","(1,Uncommon,0)","(1,Uncommon,0)","(1,Rare,0)","(1,Rare,0)","(1,Legendary,0)"
232,DSK,15,2,4,GameSafe Extra,"(1,Common,1)","(1,Common,0)","(1,Common,0)","(1,Common,0)","(1,Common,0)","(1,Common,0)","(1,Common,0)","(1,Common,0)","(1,Uncommon,0)","(1,Uncommon,0)","(1,Uncommon,0)","(1,Uncommon,0)","(1,Rare,0)","(1,Rare,0)","(1,Legendary,0)"
5,ANT,1,2,1,Amarillo 120a,"(1,Common,1)","(1,Common,0)","(1,Common,0)","(1,Common,0)","(1,Common,0)","(1,Common,0)","(1,Common,0)","(1,Common,0)","(1,Uncommon,0)","(1,Uncommon,0)","(1,Uncommon,0)","(1,Uncommon,0)","(1,Rare,0)","(1,Rare,0)","(1,Legendary,0)"
145,CPU,10,1,1,Brahe,"(1,Common,1)","(1,Common,0)","(1,Common,0)","(1,Common,0)","(1,Common,0)","(1,Common,0)","(1,Common,0)","(1,Common,0)","(1,Uncommon,0)","(1,Uncommon,0)","(1,Uncommon,0)","(1,Uncommon,0)","(1,Rare,0)","(1,Rare,0)","(1,Legendary,0)"
28,ANT,2,3,4,XferNet Leopold,"(1,Common,1)","(1,Common,0)","(1,Common,0)","(1,Common,0)","(1,Common,0)","(1,Common,0)","(1,Common,0)","(1,Common,0)","(1,Uncommon,0)","(1,Uncommon,0)","(1,Uncommon,0)","(1,Uncommon,0)","(1,Rare,0)","(1,Rare,0)","(1,Legendary,0)"
121,BRD,8,3,1,Cleave L660L,"(1,Common,1)","(1,Common,0)","(1,Common,0)","(1,Common,0)","(1,Common,0)","(1,Common,0)","(1,Common,0)","(1,Common,0)","(1,Uncommon,0)","(1,Uncommon,0)","(1,Uncommon,0)","(1,Uncommon,0)","(1,Rare,0)","(1,Rare,0)","(1,Legendary,0)"
132,CPU,9,1,4,CC3300,"(1,Common,1)","(1,Common,0)","(1,Common,0)","(1,Common,0)","(1,Common,0)","(1,Common,0)","(1,Common,0)","(1,Common,0)","(1,Uncommon,0)","(1,Uncommon,0)","(1,Uncommon,0)","(1,Uncommon,0)","(1,Rare,0)","(1,Rare,0)","(1,Legendary,0)"
222,DSK,14,4,2,AdvCollab PX1B,"(1,Common,1)","(1,Common,0)","(1,Common,0)","(1,Common,0)","(1,Common,0)","(1,Common,0)","(1,Common,0)","(1,Common,0)","(1,Uncommon,0)","(1,Uncommon,0)","(1,Uncommon,0)","(1,Uncommon,0)","(1,Rare,0)","(1,Rare,0)","(1,Legendary,0)"
209,DSK,14,1,1,ShareAll BX1A,"(1,Common,1)","(1,Common,0)","(1,Common,0)","(1,Common,0)","(1,Common,0)","(1,Common,0)","(1,Common,0)","(1,Common,0)","(1,Uncommon,0)","(1,Uncommon,0)","(1,Uncommon,0)","(1,Uncommon,0)","(1,Rare,0)","(1,Rare,0)","(1,Legendary,0)"
13,ANT,1,4,1,Mosaic 210a,"(1,Common,1)","(1,Common,0)","(1,Common,0)","(1,Common,0)","(1,Common,0)","(1,Common,0)","(1,Common,0)","(1,Common,0)","(1,Uncommon,0)","(1,Uncommon,0)","(1,Uncommon,0)","(1,Uncommon,0)","(1,Rare,0)","(1,Rare,0)","(1,Legendary,0)"
142,CPU,9,4,2,CC3205,"(1,Common,1)","(1,Common,0)","(1,Common,0)","(1,Common,0)","(1,Common,0)","(1,Common,0)","(1,Common,0)","(1,Common,0)","(1,Uncommon,0)","(1,Uncommon,0)","(1,Uncommon,0)","(1,Uncommon,0)","(1,Rare,0)","(1,Rare,0)","(1,Legendary,0)"
39,ANT,3,2,3,AX1500 Roast,"(1,Common,1)","(1,Common,0)","(1,Common,0)","(1,Common,0)","(1,Common,0)","(1,Common,0)","(1,Common,0)","(1,Common,0)","(1,Uncommon,0)","(1,Uncommon,0)","(1,Uncommon,0)","(1,Uncommon,0)","(1,Rare,0)","(1,Rare,0)","(1,Legendary,0)"
15,ANT,1,4,3,Mosaic 210ab,"(1,Common,1)","(1,Common,0)","(1,Common,0)","(1,Common,0)","(1,Common,0)","(1,Common,0)","(1,Common,0)","(1,Common,0)","(1,Uncommon,0)","(1,Uncommon,0)","(1,Uncommon,0)","(1,Uncommon,0)","(1,Rare,0)","(1,Rare,0)","(1,Legendary,0)"
8,ANT,1,2,4,Amarillo 120o,"(1,Common,1)","(1,Common,0)","(1,Common,0)","(1,Common,0)","(1,Common,0)","(1,Common,0)","(1,Common,0)","(1,Common,0)","(1,Uncommon,0)","(1,Uncommon,0)","(1,Uncommon,0)","(1,Uncommon,0)","(1,Rare,0)","(1,Rare,0)","(1,Legendary,0)"
239,DSK,15,4,3,SOHOSafe Large,"(1,Common,1)","(1,Common,0)","(1,Common,0)","(1,Common,0)","(1,Common,0)","(1,Common,0)","(1,Common,0)","(1,Common,0)","(1,Uncommon,0)","(1,Uncommon,0)","(1,Uncommon,0)","(1,Uncommon,0)","(1,Rare,0)","(1,Rare,0)","(1,Legendary,0)"
190,CPU,12,4,2,Peak Iron,"(1,Common,1)","(1,Common,0)","(1,Common,0)","(1,Common,0)","(1,Common,0)","(1,Common,0)","(1,Common,0)","(1,Common,0)","(1,Uncommon,0)","(1,Uncommon,0)","(1,Uncommon,0)","(1,Uncommon,0)","(1,Rare,0)","(1,Rare,0)","(1,Legendary,0)"
58,ANT,4,3,2,Mourvedre,"(1,Common,1)","(1,Common,0)","(1,Common,0)","(1,Common,0)","(1,Common,0)","(1,Common,0)","(1,Common,0)","(1,Common,0)","(1,Uncommon,0)","(1,Uncommon,0)","(1,Uncommon,0)","(1,Uncommon,0)","(1,Rare,0)","(1,Rare,0)","(1,Legendary,0)"
67,BRD,5,1,2,A01-490-RCZ62,"(1,Common,1)","(1,Common,0)","(1,Common,0)","(1,Common,0)","(1,Common,0)","(1,Common,0)","(1,Common,0)","(1,Common,0)","(1,Uncommon,0)","(1,Uncommon,0)","(1,Uncommon,0)","(1,Uncommon,0)","(1,Rare,0)","(1,Rare,0)","(1,Legendary,0)"
44,ANT,3,3,4,TX4000 Pale,"(1,Common,1)","(1,Common,0)","(1,Common,0)","(1,Common,0)","(1,Common,0)","(1,Common,0)","(1,Common,0)","(1,Common,0)","(1,Uncommon,0)","(1,Uncommon,0)","(1,Uncommon,0)","(1,Uncommon,0)","(1,Rare,0)","(1,Rare,0)","(1,Legendary,0)"
165,CPU,11,2,1,OpenCore 2-X+,"(1,Common,1)","(1,Common,0)","(1,Common,0)","(1,Common,0)","(1,Common,0)","(1,Common,0)","(1,Common,0)","(1,Common,0)","(1,Uncommon,0)","(1,Uncommon,0)","(1,Uncommon,0)","(1,Uncommon,0)","(1,Rare,0)","(1,Rare,0)","(1,Legendary,0)"
138,CPU,9,3,2,CC3255,"(1,Common,1)","(1,Common,0)","(1,Common,0)","(1,Common,0)","(1,Common,0)","(1,Common,0)","(1,Common,0)","(1,Common,0)","(1,Uncommon,0)","(1,Uncommon,0)","(1,Uncommon,0)","(1,Uncommon,0)","(1,Rare,0)","(1,Rare,0)","(1,Legendary,0)"
23,ANT,2,2,3,SurfNet Kir,"(1,Common,1)","(1,Common,0)","(1,Common,0)","(1,Common,0)","(1,Common,0)","(1,Common,0)","(1,Common,0)","(1,Common,0)","(1,Uncommon,0)","(1,Uncommon,0)","(1,Uncommon,0)","(1,Uncommon,0)","(1,Rare,0)","(1,Rare,0)","(1,Legendary,0)"
172,CPU,11,3,4,OpenServ 16,"(1,Common,1)","(1,Common,0)","(1,Common,0)","(1,Common,0)","(1,Common,0)","(1,Common,0)","(1,Common,0)","(1,Common,0)","(1,Uncommon,0)","(1,Uncommon,0)","(1,Uncommon,0)","(1,Uncommon,0)","(1,Rare,0)","(1,Rare,0)","(1,Legendary,0)"
247,DSK,16,2,3,Silo 80,"(1,Common,1)","(1,Common,0)","(1,Common,0)","(1,Common,0)","(1,Common,0)","(1,Common,0)","(1,Common,0)","(1,Common,0)","(1,Uncommon,0)","(1,Uncommon,0)","(1,Uncommon,0)","(1,Uncommon,0)","(1,Rare,0)","(1,Rare,0)","(1,Legendary,0)"
113,BRD,8,1,1,Frequency H330H,"(1,Common,1)","(1,Common,0)","(1,Common,0)","(1,Common,0)","(1,Common,0)","(1,Common,0)","(1,Common,0)","(1,Common,0)","(1,Uncommon,0)","(1,Uncommon,0)","(1,Uncommon,0)","(1,Uncommon,0)","(1,Rare,0)","(1,Rare,0)","(1,Legendary,0)"
173,CPU,11,4,1,OpenCore 6-X,"(1,Common,1)","(1,Common,0)","(1,Common,0)","(1,Common,0)","(1,Common,0)","(1,Common,0)","(1,Common,0)","(1,Common,0)","(1,Uncommon,0)","(1,Uncommon,0)","(1,Uncommon,0)","(1,Uncommon,0)","(1,Rare,0)","(1,Rare,0)","(1,Legendary,0)"
93,BRD,6,4,1,S5 Signature,"(1,Common,1)","(1,Common,0)","(1,Common,0)","(1,Common,0)","(1,Common,0)","(1,Common,0)","(1,Common,0)","(1,Common,0)","(1,Uncommon,0)","(1,Uncommon,0)","(1,Uncommon,0)","(1,Uncommon,0)","(1,Rare,0)","(1,Rare,0)","(1,Legendary,0)"
214,DSK,14,2,2,RapidShare BX3G,"(1,Common,1)","(1,Common,0)","(1,Common,0)","(1,Common,0)","(1,Common,0)","(1,Common,0)","(1,Common,0)","(1,Common,0)","(1,Uncommon,0)","(1,Uncommon,0)","(1,Uncommon,0)","(1,Uncommon,0)","(1,Rare,0)","(1,Rare,0)","(1,Legendary,0)"
84,BRD,6,1,4,L1 Lucky,"(1,Common,1)","(1,Common,0)","(1,Common,0)","(1,Common,0)","(1,Common,0)","(1,Common,0)","(1,Common,0)","(1,Common,0)","(1,Uncommon,0)","(1,Uncommon,0)","(1,Uncommon,0)","(1,Uncommon,0)","(1,Rare,0)","(1,Rare,0)","(1,Legendary,0)"
61,ANT,4,4,1,Cinsault,"(1,Common,1)","(1,Common,0)","(1,Common,0)","(1,Common,0)","(1,Common,0)","(1,Common,0)","(1,Common,0)","(1,Common,0)","(1,Uncommon,0)","(1,Uncommon,0)","(1,Uncommon,0)","(1,Uncommon,0)","(1,Rare,0)","(1,Rare,0)","(1,Legendary,0)"
150,CPU,10,2,2,Herschel,"(1,Common,1)","(1,Common,0)","(1,Common,0)","(1,Common,0)","(1,Common,0)","(1,Common,0)","(1,Common,0)","(1,Common,0)","(1,Uncommon,0)","(1,Uncommon,0)","(1,Uncommon,0)","(1,Uncommon,0)","(1,Rare,0)","(1,Rare,0)","(1,Legendary,0)"
41,ANT,3,3,1,TX4000 Acid,"(1,Common,1)","(1,Common,0)","(1,Common,0)","(1,Common,0)","(1,Common,0)","(1,Common,0)","(1,Common,0)","(1,Common,0)","(1,Uncommon,0)","(1,Uncommon,0)","(1,Uncommon,0)","(1,Uncommon,0)","(1,Rare,0)","(1,Rare,0)","(1,Legendary,0)"
230,DSK,15,2,2,GameSafe Medium,"(1,Common,1)","(1,Common,0)","(1,Common,0)","(1,Common,0)","(1,Common,0)","(1,Common,0)","(1,Common,0)","(1,Common,0)","(1,Uncommon,0)","(1,Uncommon,0)","(1,Uncommon,0)","(1,Uncommon,0)","(1,Rare,0)","(1,Rare,0)","(1,Legendary,0)"
110,BRD,7,4,2,Desideria,"(1,Common,1)","(1,Common,0)","(1,Common,0)","(1,Common,0)","(1,Common,0)","(1,Common,0)","(1,Common,0)","(1,Common,0)","(1,Uncommon,0)","(1,Uncommon,0)","(1,Uncommon,0)","(1,Uncommon,0)","(1,Rare,0)","(1,Rare,0)","(1,Legendary,0)"
213,DSK,14,2,1,RapidShare BX1G,"(1,Common,1)","(1,Common,0)","(1,Common,0)","(1,Common,0)","(1,Common,0)","(1,Common,0)","(1,Common,0)","(1,Common,0)","(1,Uncommon,0)","(1,Uncommon,0)","(1,Uncommon,0)","(1,Uncommon,0)","(1,Rare,0)","(1,Rare,0)","(1,Legendary,0)"
158,CPU,10,4,2,Eddington,"(1,Common,1)","(1,Common,0)","(1,Common,0)","(1,Common,0)","(1,Common,0)","(1,Common,0)","(1,Common,0)","(1,Common,0)","(1,Uncommon,0)","(1,Uncommon,0)","(1,Uncommon,0)","(1,Uncommon,0)","(1,Rare,0)","(1,Rare,0)","(1,Legendary,0)"
220,DSK,14,3,4,ProCollab PX5D,"(1,Common,1)","(1,Common,0)","(1,Common,0)","(1,Common,0)","(1,Common,0)","(1,Common,0)","(1,Common,0)","(1,Common,0)","(1,Uncommon,0)","(1,Uncommon,0)","(1,Uncommon,0)","(1,Uncommon,0)","(1,Rare,0)","(1,Rare,0)","(1,Legendary,0)"
50,ANT,4,1,2,Semillon,"(1,Common,1)","(1,Common,0)","(1,Common,0)","(1,Common,0)","(1,Common,0)","(1,Common,0)","(1,Common,0)","(1,Common,0)","(1,Uncommon,0)","(1,Uncommon,0)","(1,Uncommon,0)","(1,Uncommon,0)","(1,Rare,0)","(1,Rare,0)","(1,Legendary,0)"
181,CPU,12,2,1,Mask Emerald,"(1,Common,1)","(1,Common,0)","(1,Common,0)","(1,Common,0)","(1,Common,0)","(1,Common,0)","(1,Common,0)","(1,Common,0)","(1,Uncommon,0)","(1,Uncommon,0)","(1,Uncommon,0)","(1,Uncommon,0)","(1,Rare,0)","(1,Rare,0)","(1,Legendary,0)"
205,DSK,13,4,1,Green Gen1,"(1,Common,1)","(1,Common,0)","(1,Common,0)","(1,Common,0)","(1,Common,0)","(1,Common,0)","(1,Common,0)","(1,Common,0)","(1,Uncommon,0)","(1,Uncommon,0)","(1,Uncommon,0)","(1,Uncommon,0)","(1,Rare,0)","(1,Rare,0)","(1,Legendary,0)"
136,CPU,9,2,4,CC3350,"(1,Common,1)","(1,Common,0)","(1,Common,0)","(1,Common,0)","(1,Common,0)","(1,Common,0)","(1,Common,0)","(1,Common,0)","(1,Uncommon,0)","(1,Uncommon,0)","(1,Uncommon,0)","(1,Uncommon,0)","(1,Rare,0)","(1,Rare,0)","(1,Legendary,0)"
206,DSK,13,4,2,Green Gen2,"(1,Common,1)","(1,Common,0)","(1,Common,0)","(1,Common,0)","(1,Common,0)","(1,Common,0)","(1,Common,0)","(1,Common,0)","(1,Uncommon,0)","(1,Uncommon,0)","(1,Uncommon,0)","(1,Uncommon,0)","(1,Rare,0)","(1,Rare,0)","(1,Legendary,0)"
195,DSK,13,1,3,Red Gen3,"(1,Common,1)","(1,Common,0)","(1,Common,0)","(1,Common,0)","(1,Common,0)","(1,Common,0)","(1,Common,0)","(1,Common,0)","(1,Uncommon,0)","(1,Uncommon,0)","(1,Uncommon,0)","(1,Uncommon,0)","(1,Rare,0)","(1,Rare,0)","(1,Legendary,0)"
86,BRD,6,2,2,C2 Connect,"(1,Common,1)","(1,Common,0)","(1,Common,0)","(1,Common,0)","(1,Common,0)","(1,Common,0)","(1,Common,0)","(1,Common,0)","(1,Uncommon,0)","(1,Uncommon,0)","(1,Uncommon,0)","(1,Uncommon,0)","(1,Rare,0)","(1,Rare,0)","(1,Legendary,0)"
99,BRD,7,1,3,Humilis,"(1,Common,1)","(1,Common,0)","(1,Common,0)","(1,Common,0)","(1,Common,0)","(1,Common,0)","(1,Common,0)","(1,Common,0)","(1,Uncommon,0)","(1,Uncommon,0)","(1,Uncommon,0)","(1,Uncommon,0)","(1,Rare,0)","(1,Rare,0)","(1,Legendary,0)"
106,BRD,7,3,2,Negotium,"(1,Common,1)","(1,Common,0)","(1,Common,0)","(1,Common,0)","(1,Common,0)","(1,Common,0)","(1,Common,0)","(1,Common,0)","(1,Uncommon,0)","(1,Uncommon,0)","(1,Uncommon,0)","(1,Uncommon,0)","(1,Rare,0)","(1,Rare,0)","(1,Legendary,0)"
62,ANT,4,4,2,Grenache,"(1,Common,1)","(1,Common,0)","(1,Common,0)","(1,Common,0)","(1,Common,0)","(1,Common,0)","(1,Common,0)","(1,Common,0)","(1,Uncommon,0)","(1,Uncommon,0)","(1,Uncommon,0)","(1,Uncommon,0)","(1,Rare,0)","(1,Rare,0)","(1,Legendary,0)"
184,CPU,12,2,4,Mask Topaz,"(1,Common,1)","(1,Common,0)","(1,Common,0)","(1,Common,0)","(1,Common,0)","(1,Common,0)","(1,Common,0)","(1,Common,0)","(1,Uncommon,0)","(1,Uncommon,0)","(1,Uncommon,0)","(1,Uncommon,0)","(1,Rare,0)","(1,Rare,0)","(1,Legendary,0)"
156,CPU,10,3,4,Sagan,"(1,Common,1)","(1,Common,0)","(1,Common,0)","(1,Common,0)","(1,Common,0)","(1,Common,0)","(1,Common,0)","(1,Common,0)","(1,Uncommon,0)","(1,Uncommon,0)","(1,Uncommon,0)","(1,Uncommon,0)","(1,Rare,0)","(1,Rare,0)","(1,Legendary,0)"
112,BRD,7,4,4,Ingenuus,"(1,Common,1)","(1,Common,0)","(1,Common,0)","(1,Common,0)","(1,Common,0)","(1,Common,0)","(1,Common,0)","(1,Common,0)","(1,Uncommon,0)","(1,Uncommon,0)","(1,Uncommon,0)","(1,Uncommon,0)","(1,Rare,0)","(1,Rare,0)","(1,Legendary,0)"
130,CPU,9,1,2,CC3100,"(1,Common,1)","(1,Common,0)","(1,Common,0)","(1,Common,0)","(1,Common,0)","(1,Common,0)","(1,Common,0)","(1,Common,0)","(1,Uncommon,0)","(1,Uncommon,0)","(1,Uncommon,0)","(1,Uncommon,0)","(1,Rare,0)","(1,Rare,0)","(1,Legendary,0)"
25,ANT,2,3,1,XferNet Angelico,"(1,Common,1)","(1,Common,0)","(1,Common,0)","(1,Common,0)","(1,Common,0)","(1,Common,0)","(1,Common,0)","(1,Common,0)","(1,Uncommon,0)","(1,Uncommon,0)","(1,Uncommon,0)","(1,Uncommon,0)","(1,Rare,0)","(1,Rare,0)","(1,Legendary,0)"
12,ANT,1,3,4,Strata 330o,"(1,Common,1)","(1,Common,0)","(1,Common,0)","(1,Common,0)","(1,Common,0)","(1,Common,0)","(1,Common,0)","(1,Common,0)","(1,Uncommon,0)","(1,Uncommon,0)","(1,Uncommon,0)","(1,Uncommon,0)","(1,Rare,0)","(1,Rare,0)","(1,Legendary,0)"
104,BRD,7,2,4,Praeventus,"(1,Common,1)","(1,Common,0)","(1,Common,0)","(1,Common,0)","(1,Common,0)","(1,Common,0)","(1,Common,0)","(1,Common,0)","(1,Uncommon,0)","(1,Uncommon,0)","(1,Uncommon,0)","(1,Uncommon,0)","(1,Rare,0)","(1,Rare,0)","(1,Legendary,0)"
14,ANT,1,4,2,Mosaic 210b,"(1,Common,1)","(1,Common,0)","(1,Common,0)","(1,Common,0)","(1,Common,0)","(1,Common,0)","(1,Common,0)","(1,Common,0)","(1,Uncommon,0)","(1,Uncommon,0)","(1,Uncommon,0)","(1,Uncommon,0)","(1,Rare,0)","(1,Rare,0)","(1,Legendary,0)"
221,DSK,14,4,1,AdvCollab PX1A,"(1,Common,1)","(1,Common,0)","(1,Common,0)","(1,Common,0)","(1,Common,0)","(1,Common,0)","(1,Common,0)","(1,Common,0)","(1,Uncommon,0)","(1,Uncommon,0)","(1,Uncommon,0)","(1,Uncommon,0)","(1,Rare,0)","(1,Rare,0)","(1,Legendary,0)"
194,DSK,13,1,2,Red Gen2,"(1,Common,1)","(1,Common,0)","(1,Common,0)","(1,Common,0)","(1,Common,0)","(1,Common,0)","(1,Common,0)","(1,Common,0)","(1,Uncommon,0)","(1,Uncommon,0)","(1,Uncommon,0)","(1,Uncommon,0)","(1,Rare,0)","(1,Rare,0)","(1,Legendary,0)"
243,DSK,16,1,3,Stockpile 60,"(1,Common,1)","(1,Common,0)","(1,Common,0)","(1,Common,0)","(1,Common,0)","(1,Common,0)","(1,Common,0)","(1,Common,0)","(1,Uncommon,0)","(1,Uncommon,0)","(1,Uncommon,0)","(1,Uncommon,0)","(1,Rare,0)","(1,Rare,0)","(1,Legendary,0)"
7,ANT,1,2,3,Amarillo 120ab,"(1,Common,1)","(1,Common,0)","(1,Common,0)","(1,Common,0)","(1,Common,0)","(1,Common,0)","(1,Common,0)","(1,Common,0)","(1,Uncommon,0)","(1,Uncommon,0)","(1,Uncommon,0)","(1,Uncommon,0)","(1,Rare,0)","(1,Rare,0)","(1,Legendary,0)"
123,BRD,8,3,3,Fast L660L,"(1,Common,1)","(1,Common,0)","(1,Common,0)","(1,Common,0)","(1,Common,0)","(1,Common,0)","(1,Common,0)","(1,Common,0)","(1,Uncommon,0)","(1,Uncommon,0)","(1,Uncommon,0)","(1,Uncommon,0)","(1,Rare,0)","(1,Rare,0)","(1,Legendary,0)"
229,DSK,15,2,1,GameSafe Small,"(1,Common,1)","(1,Common,0)","(1,Common,0)","(1,Common,0)","(1,Common,0)","(1,Common,0)","(1,Common,0)","(1,Common,0)","(1,Uncommon,0)","(1,Uncommon,0)","(1,Uncommon,0)","(1,Uncommon,0)","(1,Rare,0)","(1,Rare,0)","(1,Legendary,0)"
82,BRD,6,1,2,L1 Lightweight,"(1,Common,1)","(1,Common,0)","(1,Common,0)","(1,Common,0)","(1,Common,0)","(1,Common,0)","(1,Common,0)","(1,Common,0)","(1,Uncommon,0)","(1,Uncommon,0)","(1,Uncommon,0)","(1,Uncommon,0)","(1,Rare,0)","(1,Rare,0)","(1,Legendary,0)"
68,BRD,5,1,4,A01-490-WRE76,"(1,Common,1)","(1,Common,0)","(1,Common,0)","(1,Common,0)","(1,Common,0)","(1,Common,0)","(1,Common,0)","(1,Common,0)","(1,Uncommon,0)","(1,Uncommon,0)","(1,Uncommon,0)","(1,Uncommon,0)","(1,Rare,0)","(1,Rare,0)","(1,Legendary,0)"
20,ANT,2,1,4,CruiseNet Tsikoudia,"(1,Common,1)","(1,Common,0)","(1,Common,0)","(1,Common,0)","(1,Common,0)","(1,Common,0)","(1,Common,0)","(1,Common,0)","(1,Uncommon,0)","(1,Uncommon,0)","(1,Uncommon,0)","(1,Uncommon,0)","(1,Rare,0)","(1,Rare,0)","(1,Legendary,0)"
97,BRD,7,1,1,Beatus,"(1,Common,1)","(1,Common,0)","(1,Common,0)","(1,Common,0)","(1,Common,0)","(1,Common,0)","(1,Common,0)","(1,Common,0)","(1,Uncommon,0)","(1,Uncommon,0)","(1,Uncommon,0)","(1,Uncommon,0)","(1,Rare,0)","(1,Rare,0)","(1,Legendary,0)"
143,CPU,9,4,3,CC3405,"(1,Common,1)","(1,Common,0)","(1,Common,0)","(1,Common,0)","(1,Common,0)","(1,Common,0)","(1,Common,0)","(1,Common,0)","(1,Uncommon,0)","(1,Uncommon,0)","(1,Uncommon,0)","(1,Uncommon,0)","(1,Rare,0)","(1,Rare,0)","(1,Legendary,0)"
168,CPU,11,2,4,OpenCore 4-Y+,"(1,Common,1)","(1,Common,0)","(1,Common,0)","(1,Common,0)","(1,Common,0)","(1,Common,0)","(1,Common,0)","(1,Common,0)","(1,Uncommon,0)","(1,Uncommon,0)","(1,Uncommon,0)","(1,Uncommon,0)","(1,Rare,0)","(1,Rare,0)","(1,Legendary,0)"
164,CPU,11,1,4,OpenCore 4-Y,"(1,Common,1)","(1,Common,0)","(1,Common,0)","(1,Common,0)","(1,Common,0)","(1,Common,0)","(1,Common,0)","(1,Common,0)","(1,Uncommon,0)","(1,Uncommon,0)","(1,Uncommon,0)","(1,Uncommon,0)","(1,Rare,0)","(1,Rare,0)","(1,Legendary,0)"
66,BRD,5,1,3,A01-490-CRP35,"(1,Common,1)","(1,Common,0)","(1,Common,0)","(1,Common,0)","(1,Common,0)","(1,Common,0)","(1,Common,0)","(1,Common,0)","(1,Uncommon,0)","(1,Uncommon,0)","(1,Uncommon,0)","(1,Uncommon,0)","(1,Rare,0)","(1,Rare,0)","(1,Legendary,0)"
225,DSK,15,1,1,HomeSafe Small,"(1,Common,1)","(1,Common,0)","(1,Common,0)","(1,Common,0)","(1,Common,0)","(1,Common,0)","(1,Common,0)","(1,Common,0)","(1,Uncommon,0)","(1,Uncommon,0)","(1,Uncommon,0)","(1,Uncommon,0)","(1,Rare,0)","(1,Rare,0)","(1,Legendary,0)"
124,BRD,8,3,4,Sanction L660L,"(1,Common,1)","(1,Common,0)","(1,Common,0)","(1,Common,0)","(1,Common,0)","(1,Common,0)","(1,Common,0)","(1,Common,0)","(1,Uncommon,0)","(1,Uncommon,0)","(1,Uncommon,0)","(1,Uncommon,0)","(1,Rare,0)","(1,Rare,0)","(1,Legendary,0)"
38,ANT,3,2,2,AX1500 Peat,"(1,Common,1)","(1,Common,0)","(1,Common,0)","(1,Common,0)","(1,Common,0)","(1,Common,0)","(1,Common,0)","(1,Common,0)","(1,Uncommon,0)","(1,Uncommon,0)","(1,Uncommon,0)","(1,Uncommon,0)","(1,Rare,0)","(1,Rare,0)","(1,Legendary,0)"
207,DSK,13,4,3,Green Gen3,"(1,Common,1)","(1,Common,0)","(1,Common,0)","(1,Common,0)","(1,Common,0)","(1,Common,0)","(1,Common,0)","(1,Common,0)","(1,Uncommon,0)","(1,Uncommon,0)","(1,Uncommon,0)","(1,Uncommon,0)","(1,Rare,0)","(1,Rare,0)","(1,Legendary,0)"
117,BRD,8,2,1,Conductance J440J,"(1,Common,1)","(1,Common,0)","(1,Common,0)","(1,Common,0)","(1,Common,0)","(1,Common,0)","(1,Common,0)","(1,Common,0)","(1,Uncommon,0)","(1,Uncommon,0)","(1,Uncommon,0)","(1,Uncommon,0)","(1,Rare,0)","(1,Rare,0)","(1,Legendary,0)"
157,CPU,10,4,1,Airy,"(1,Common,1)","(1,Common,0)","(1,Common,0)","(1,Common,0)","(1,Common,0)","(1,Common,0)","(1,Common,0)","(1,Common,0)","(1,Uncommon,0)","(1,Uncommon,0)","(1,Uncommon,0)","(1,Uncommon,0)","(1,Rare,0)","(1,Rare,0)","(1,Legendary,0)"
254,DSK,16,4,2,Repo 200,"(1,Common,1)","(1,Common,0)","(1,Common,0)","(1,Common,0)","(1,Common,0)","(1,Common,0)","(1,Common,0)","(1,Common,0)","(1,Uncommon,0)","(1,Uncommon,0)","(1,Uncommon,0)","(1,Uncommon,0)","(1,Rare,0)","(1,Rare,0)","(1,Legendary,0)"
96,BRD,6,4,4,S5 Superior,"(1,Common,1)","(1,Common,0)","(1,Common,0)","(1,Common,0)","(1,Common,0)","(1,Common,0)","(1,Common,0)","(1,Common,0)","(1,Uncommon,0)","(1,Uncommon,0)","(1,Uncommon,0)","(1,Uncommon,0)","(1,Rare,0)","(1,Rare,0)","(1,Legendary,0)"
144,CPU,9,4,4,CC3805,"(1,Common,1)","(1,Common,0)","(1,Common,0)","(1,Common,0)","(1,Common,0)","(1,Common,0)","(1,Common,0)","(1,Common,0)","(1,Uncommon,0)","(1,Uncommon,0)","(1,Uncommon,0)","(1,Uncommon,0)","(1,Rare,0)","(1,Rare,0)","(1,Legendary,0)"
167,CPU,11,2,3,OpenCore 4-X+,"(1,Common,1)","(1,Common,0)","(1,Common,0)","(1,Common,0)","(1,Common,0)","(1,Common,0)","(1,Common,0)","(1,Common,0)","(1,Uncommon,0)","(1,Uncommon,0)","(1,Uncommon,0)","(1,Uncommon,0)","(1,Rare,0)","(1,Rare,0)","(1,Legendary,0)"
197,DSK,13,2,1,Yellow Gen1,"(1,Common,1)","(1,Common,0)","(1,Common,0)","(1,Common,0)","(1,Common,0)","(1,Common,0)","(1,Common,0)","(1,Common,0)","(1,Uncommon,0)","(1,Uncommon,0)","(1,Uncommon,0)","(1,Uncommon,0)","(1,Rare,0)","(1,Rare,0)","(1,Legendary,0)"
129,CPU,9,1,1,CC3000,"(1,Common,1)","(1,Common,0)","(1,Common,0)","(1,Common,0)","(1,Common,0)","(1,Common,0)","(1,Common,0)","(1,Common,0)","(1,Uncommon,0)","(1,Uncommon,0)","(1,Uncommon,0)","(1,Uncommon,0)","(1,Rare,0)","(1,Rare,0)","(1,Legendary,0)"
64,ANT,4,4,4,Tempranillo,"(1,Common,1)","(1,Common,0)","(1,Common,0)","(1,Common,0)","(1,Common,0)","(1,Common,0)","(1,Common,0)","(1,Common,0)","(1,Uncommon,0)","(1,Uncommon,0)","(1,Uncommon,0)","(1,Uncommon,0)","(1,Rare,0)","(1,Rare,0)","(1,Legendary,0)"
26,ANT,2,3,2,XferNet Branca,"(1,Common,1)","(1,Common,0)","(1,Common,0)","(1,Common,0)","(1,Common,0)","(1,Common,0)","(1,Common,0)","(1,Common,0)","(1,Uncommon,0)","(1,Uncommon,0)","(1,Uncommon,0)","(1,Uncommon,0)","(1,Rare,0)","(1,Rare,0)","(1,Legendary,0)"
179,CPU,12,1,3,Cap Saffron,"(1,Common,1)","(1,Common,0)","(1,Common,0)","(1,Common,0)","(1,Common,0)","(1,Common,0)","(1,Common,0)","(1,Common,0)","(1,Uncommon,0)","(1,Uncommon,0)","(1,Uncommon,0)","(1,Uncommon,0)","(1,Rare,0)","(1,Rare,0)","(1,Legendary,0)"
90,BRD,6,3,2,T7 Technical,"(1,Common,1)","(1,Common,0)","(1,Common,0)","(1,Common,0)","(1,Common,0)","(1,Common,0)","(1,Common,0)","(1,Common,0)","(1,Uncommon,0)","(1,Uncommon,0)","(1,Uncommon,0)","(1,Uncommon,0)","(1,Rare,0)","(1,Rare,0)","(1,Legendary,0)"
255,DSK,16,4,3,Repo 300,"(1,Common,1)","(1,Common,0)","(1,Common,0)","(1,Common,0)","(1,Common,0)","(1,Common,0)","(1,Common,0)","(1,Common,0)","(1,Uncommon,0)","(1,Uncommon,0)","(1,Uncommon,0)","(1,Uncommon,0)","(1,Rare,0)","(1,Rare,0)","(1,Legendary,0)"
183,CPU,12,2,3,Mask Sapphire,"(1,Common,1)","(1,Common,0)","(1,Common,0)","(1,Common,0)","(1,Common,0)","(1,Common,0)","(1,Common,0)","(1,Common,0)","(1,Uncommon,0)","(1,Uncommon,0)","(1,Uncommon,0)","(1,Uncommon,0)","(1,Rare,0)","(1,Rare,0)","(1,Legendary,0)"
187,CPU,12,3,3,Bill Platinum,"(1,Common,1)","(1,Common,0)","(1,Common,0)","(1,Common,0)","(1,Common,0)","(1,Common,0)","(1,Common,0)","(1,Common,0)","(1,Uncommon,0)","(1,Uncommon,0)","(1,Uncommon,0)","(1,Uncommon,0)","(1,Rare,0)","(1,Rare,0)","(1,Legendary,0)"
191,CPU,12,4,3,Peak Steel,"(1,Common,1)","(1,Common,0)","(1,Common,0)","(1,Common,0)","(1,Common,0)","(1,Common,0)","(1,Common,0)","(1,Common,0)","(1,Uncommon,0)","(1,Uncommon,0)","(1,Uncommon,0)","(1,Uncommon,0)","(1,Rare,0)","(1,Rare,0)","(1,Legendary,0)"
134,CPU,9,2,2,CC3150,"(1,Common,1)","(1,Common,0)","(1,Common,0)","(1,Common,0)","(1,Common,0)","(1,Common,0)","(1,Common,0)","(1,Common,0)","(1,Uncommon,0)","(1,Uncommon,0)","(1,Uncommon,0)","(1,Uncommon,0)","(1,Rare,0)","(1,Rare,0)","(1,Legendary,0)"
241,DSK,16,1,1,Stockpile 20,"(1,Common,1)","(1,Common,0)","(1,Common,0)","(1,Common,0)","(1,Common,0)","(1,Common,0)","(1,Common,0)","(1,Common,0)","(1,Uncommon,0)","(1,Uncommon,0)","(1,Uncommon,0)","(1,Uncommon,0)","(1,Rare,0)","(1,Rare,0)","(1,Legendary,0)"
18,ANT,2,1,2,CruiseNet Chacha,"(1,Common,1)","(1,Common,0)","(1,Common,0)","(1,Common,0)","(1,Common,0)","(1,Common,0)","(1,Common,0)","(1,Common,0)","(1,Uncommon,0)","(1,Uncommon,0)","(1,Uncommon,0)","(1,Uncommon,0)","(1,Rare,0)","(1,Rare,0)","(1,Legendary,0)"
177,CPU,12,1,1,Cap Indigo,"(1,Common,1)","(1,Common,0)","(1,Common,0)","(1,Common,0)","(1,Common,0)","(1,Common,0)","(1,Common,0)","(1,Common,0)","(1,Uncommon,0)","(1,Uncommon,0)","(1,Uncommon,0)","(1,Uncommon,0)","(1,Rare,0)","(1,Rare,0)","(1,Legendary,0)"
128,BRD,8,4,4,Positional K550K,"(1,Common,1)","(1,Common,0)","(1,Common,0)","(1,Common,0)","(1,Common,0)","(1,Common,0)","(1,Common,0)","(1,Common,0)","(1,Uncommon,0)","(1,Uncommon,0)","(1,Uncommon,0)","(1,Uncommon,0)","(1,Rare,0)","(1,Rare,0)","(1,Legendary,0)"
196,DSK,13,1,4,Red Gen4,"(1,Common,1)","(1,Common,0)","(1,Common,0)","(1,Common,0)","(1,Common,0)","(1,Common,0)","(1,Common,0)","(1,Common,0)","(1,Uncommon,0)","(1,Uncommon,0)","(1,Uncommon,0)","(1,Uncommon,0)","(1,Rare,0)","(1,Rare,0)","(1,Legendary,0)"
77,BRD,5,4,1,I01-640-ECD71,"(1,Common,1)","(1,Common,0)","(1,Common,0)","(1,Common,0)","(1,Common,0)","(1,Common,0)","(1,Common,0)","(1,Common,0)","(1,Uncommon,0)","(1,Uncommon,0)","(1,Uncommon,0)","(1,Uncommon,0)","(1,Rare,0)","(1,Rare,0)","(1,Legendary,0)"
55,ANT,4,2,3,Marsanne,"(1,Common,1)","(1,Common,0)","(1,Common,0)","(1,Common,0)","(1,Common,0)","(1,Common,0)","(1,Common,0)","(1,Common,0)","(1,Uncommon,0)","(1,Uncommon,0)","(1,Uncommon,0)","(1,Uncommon,0)","(1,Rare,0)","(1,Rare,0)","(1,Legendary,0)"
131,CPU,9,1,3,CC3200,"(1,Common,1)","(1,Common,0)","(1,Common,0)","(1,Common,0)","(1,Common,0)","(1,Common,0)","(1,Common,0)","(1,Common,0)","(1,Uncommon,0)","(1,Uncommon,0)","(1,Uncommon,0)","(1,Uncommon,0)","(1,Rare,0)","(1,Rare,0)","(1,Legendary,0)"
32,ANT,2,4,4,ConnectNet Nonino,"(1,Common,1)","(1,Common,0)","(1,Common,0)","(1,Common,0)","(1,Common,0)","(1,Common,0)","(1,Common,0)","(1,Common,0)","(1,Uncommon,0)","(1,Uncommon,0)","(1,Uncommon,0)","(1,Uncommon,0)","(1,Rare,0)","(1,Rare,0)","(1,Legendary,0)"
234,DSK,15,3,2,WorkSafe Medium,"(1,Common,1)","(1,Common,0)","(1,Common,0)","(1,Common,0)","(1,Common,0)","(1,Common,0)","(1,Common,0)","(1,Common,0)","(1,Uncommon,0)","(1,Uncommon,0)","(1,Uncommon,0)","(1,Uncommon,0)","(1,Rare,0)","(1,Rare,0)","(1,Legendary,0)"
116,BRD,8,1,4,Time H350H,"(1,Common,1)","(1,Common,0)","(1,Common,0)","(1,Common,0)","(1,Common,0)","(1,Common,0)","(1,Common,0)","(1,Common,0)","(1,Uncommon,0)","(1,Uncommon,0)","(1,Uncommon,0)","(1,Uncommon,0)","(1,Rare,0)","(1,Rare,0)","(1,Legendary,0)"
95,BRD,6,4,3,S5 Special,"(1,Common,1)","(1,Common,0)","(1,Common,0)","(1,Common,0)","(1,Common,0)","(1,Common,0)","(1,Common,0)","(1,Common,0)","(1,Uncommon,0)","(1,Uncommon,0)","(1,Uncommon,0)","(1,Uncommon,0)","(1,Rare,0)","(1,Rare,0)","(1,Legendary,0)"
244,DSK,16,1,4,Stockpile 80,"(1,Common,1)","(1,Common,0)","(1,Common,0)","(1,Common,0)","(1,Common,0)","(1,Common,0)","(1,Common,0)","(1,Common,0)","(1,Uncommon,0)","(1,Uncommon,0)","(1,Uncommon,0)","(1,Uncommon,0)","(1,Rare,0)","(1,Rare,0)","(1,Legendary,0)"
115,BRD,8,1,3,Time H330H,"(1,Common,1)","(1,Common,0)","(1,Common,0)","(1,Common,0)","(1,Common,0)","(1,Common,0)","(1,Common,0)","(1,Common,0)","(1,Uncommon,0)","(1,Uncommon,0)","(1,Uncommon,0)","(1,Uncommon,0)","(1,Rare,0)","(1,Rare,0)","(1,Legendary,0)"
135,CPU,9,2,3,CC3250,"(1,Common,1)","(1,Common,0)","(1,Common,0)","(1,Common,0)","(1,Common,0)","(1,Common,0)","(1,Common,0)","(1,Common,0)","(1,Uncommon,0)","(1,Uncommon,0)","(1,Uncommon,0)","(1,Uncommon,0)","(1,Rare,0)","(1,Rare,0)","(1,Legendary,0)"
152,CPU,10,2,4,Rubin,"(1,Common,1)","(1,Common,0)","(1,Common,0)","(1,Common,0)","(1,Common,0)","(1,Common,0)","(1,Common,0)","(1,Common,0)","(1,Uncommon,0)","(1,Uncommon,0)","(1,Uncommon,0)","(1,Uncommon,0)","(1,Rare,0)","(1,Rare,0)","(1,Legendary,0)"
91,BRD,6,3,3,T7 Total,"(1,Common,1)","(1,Common,0)","(1,Common,0)","(1,Common,0)","(1,Common,0)","(1,Common,0)","(1,Common,0)","(1,Common,0)","(1,Uncommon,0)","(1,Uncommon,0)","(1,Uncommon,0)","(1,Uncommon,0)","(1,Rare,0)","(1,Rare,0)","(1,Legendary,0)"
151,CPU,10,2,3,Kepler,"(1,Common,1)","(1,Common,0)","(1,Common,0)","(1,Common,0)","(1,Common,0)","(1,Common,0)","(1,Common,0)","(1,Common,0)","(1,Uncommon,0)","(1,Uncommon,0)","(1,Uncommon,0)","(1,Uncommon,0)","(1,Rare,0)","(1,Rare,0)","(1,Legendary,0)"
212,DSK,14,1,4,ShareAll BX2B,"(1,Common,1)","(1,Common,0)","(1,Common,0)","(1,Common,0)","(1,Common,0)","(1,Common,0)","(1,Common,0)","(1,Common,0)","(1,Uncommon,0)","(1,Uncommon,0)","(1,Uncommon,0)","(1,Uncommon,0)","(1,Rare,0)","(1,Rare,0)","(1,Legendary,0)"
149,CPU,10,2,1,Cannon,"(1,Common,1)","(1,Common,0)","(1,Common,0)","(1,Common,0)","(1,Common,0)","(1,Common,0)","(1,Common,0)","(1,Common,0)","(1,Uncommon,0)","(1,Uncommon,0)","(1,Uncommon,0)","(1,Uncommon,0)","(1,Rare,0)","(1,Rare,0)","(1,Legendary,0)"
76,BRD,5,3,4,S01-720-YFE31,"(1,Common,1)","(1,Common,0)","(1,Common,0)","(1,Common,0)","(1,Common,0)","(1,Common,0)","(1,Common,0)","(1,Common,0)","(1,Uncommon,0)","(1,Uncommon,0)","(1,Uncommon,0)","(1,Uncommon,0)","(1,Rare,0)","(1,Rare,0)","(1,Legendary,0)"
154,CPU,10,3,2,Hubble,"(1,Common,1)","(1,Common,0)","(1,Common,0)","(1,Common,0)","(1,Common,0)","(1,Common,0)","(1,Common,0)","(1,Common,0)","(1,Uncommon,0)","(1,Uncommon,0)","(1,Uncommon,0)","(1,Uncommon,0)","(1,Rare,0)","(1,Rare,0)","(1,Legendary,0)"
4,ANT,1,1,4,Citra 100o,"(1,Common,1)","(1,Common,0)","(1,Common,0)","(1,Common,0)","(1,Common,0)","(1,Common,0)","(1,Common,0)","(1,Common,0)","(1,Uncommon,0)","(1,Uncommon,0)","(1,Uncommon,0)","(1,Uncommon,0)","(1,Rare,0)","(1,Rare,0)","(1,Legendary,0)"
46,ANT,3,4,2,LX2000 Oat,"(1,Common,1)","(1,Common,0)","(1,Common,0)","(1,Common,0)","(1,Common,0)","(1,Common,0)","(1,Common,0)","(1,Common,0)","(1,Uncommon,0)","(1,Uncommon,0)","(1,Uncommon,0)","(1,Uncommon,0)","(1,Rare,0)","(1,Rare,0)","(1,Legendary,0)"
236,DSK,15,3,4,WorkSafe Extra,"(1,Common,1)","(1,Common,0)","(1,Common,0)","(1,Common,0)","(1,Common,0)","(1,Common,0)","(1,Common,0)","(1,Common,0)","(1,Uncommon,0)","(1,Uncommon,0)","(1,Uncommon,0)","(1,Uncommon,0)","(1,Rare,0)","(1,Rare,0)","(1,Legendary,0)"
256,DSK,16,4,4,Repo 400,"(1,Common,1)","(1,Common,0)","(1,Common,0)","(1,Common,0)","(1,Common,0)","(1,Common,0)","(1,Common,0)","(1,Common,0)","(1,Uncommon,0)","(1,Uncommon,0)","(1,Uncommon,0)","(1,Uncommon,0)","(1,Rare,0)","(1,Rare,0)","(1,Legendary,0)"
88,BRD,6,2,4,C2 Crunch,"(1,Common,1)","(1,Common,0)","(1,Common,0)","(1,Common,0)","(1,Common,0)","(1,Common,0)","(1,Common,0)","(1,Common,0)","(1,Uncommon,0)","(1,Uncommon,0)","(1,Uncommon,0)","(1,Uncommon,0)","(1,Rare,0)","(1,Rare,0)","(1,Legendary,0)"
193,DSK,13,1,1,Red Gen1,"(1,Common,1)","(1,Common,0)","(1,Common,0)","(1,Common,0)","(1,Common,0)","(1,Common,0)","(1,Common,0)","(1,Common,0)","(1,Uncommon,0)","(1,Uncommon,0)","(1,Uncommon,0)","(1,Uncommon,0)","(1,Rare,0)","(1,Rare,0)","(1,Legendary,0)"
56,ANT,4,2,4,Verdicchio,"(1,Common,1)","(1,Common,0)","(1,Common,0)","(1,Common,0)","(1,Common,0)","(1,Common,0)","(1,Common,0)","(1,Common,0)","(1,Uncommon,0)","(1,Uncommon,0)","(1,Uncommon,0)","(1,Uncommon,0)","(1,Rare,0)","(1,Rare,0)","(1,Legendary,0)"
52,ANT,4,1,4,Viognier,"(1,Common,1)","(1,Common,0)","(1,Common,0)","(1,Common,0)","(1,Common,0)","(1,Common,0)","(1,Common,0)","(1,Common,0)","(1,Uncommon,0)","(1,Uncommon,0)","(1,Uncommon,0)","(1,Uncommon,0)","(1,Rare,0)","(1,Rare,0)","(1,Legendary,0)"
160,CPU,10,4,4,Kuiper,"(1,Common,1)","(1,Common,0)","(1,Common,0)","(1,Common,0)","(1,Common,0)","(1,Common,0)","(1,Common,0)","(1,Common,0)","(1,Uncommon,0)","(1,Uncommon,0)","(1,Uncommon,0)","(1,Uncommon,0)","(1,Rare,0)","(1,Rare,0)","(1,Legendary,0)"
119,BRD,8,2,3,Resistance J440J,"(1,Common,1)","(1,Common,0)","(1,Common,0)","(1,Common,0)","(1,Common,0)","(1,Common,0)","(1,Common,0)","(1,Common,0)","(1,Uncommon,0)","(1,Uncommon,0)","(1,Uncommon,0)","(1,Uncommon,0)","(1,Rare,0)","(1,Rare,0)","(1,Legendary,0)"
249,DSK,16,3,1,Depot 1000,"(1,Common,1)","(1,Common,0)","(1,Common,0)","(1,Common,0)","(1,Common,0)","(1,Common,0)","(1,Common,0)","(1,Common,0)","(1,Uncommon,0)","(1,Uncommon,0)","(1,Uncommon,0)","(1,Uncommon,0)","(1,Rare,0)","(1,Rare,0)","(1,Legendary,0)"
35,ANT,3,1,3,MX1000 Caramel,"(1,Common,1)","(1,Common,0)","(1,Common,0)","(1,Common,0)","(1,Common,0)","(1,Common,0)","(1,Common,0)","(1,Common,0)","(1,Uncommon,0)","(1,Uncommon,0)","(1,Uncommon,0)","(1,Uncommon,0)","(1,Rare,0)","(1,Rare,0)","(1,Legendary,0)"
27,ANT,2,3,3,XferNet Francisco,"(1,Common,1)","(1,Common,0)","(1,Common,0)","(1,Common,0)","(1,Common,0)","(1,Common,0)","(1,Common,0)","(1,Common,0)","(1,Uncommon,0)","(1,Uncommon,0)","(1,Uncommon,0)","(1,Uncommon,0)","(1,Rare,0)","(1,Rare,0)","(1,Legendary,0)"
189,CPU,12,4,1,Peak Carbon,"(1,Common,1)","(1,Common,0)","(1,Common,0)","(1,Common,0)","(1,Common,0)","(1,Common,0)","(1,Common,0)","(1,Common,0)","(1,Uncommon,0)","(1,Uncommon,0)","(1,Uncommon,0)","(1,Uncommon,0)","(1,Rare,0)","(1,Rare,0)","(1,Legendary,0)"
133,CPU,9,2,1,CC3050,"(1,Common,1)","(1,Common,0)","(1,Common,0)","(1,Common,0)","(1,Common,0)","(1,Common,0)","(1,Common,0)","(1,Common,0)","(1,Uncommon,0)","(1,Uncommon,0)","(1,Uncommon,0)","(1,Uncommon,0)","(1,Rare,0)","(1,Rare,0)","(1,Legendary,0)"
235,DSK,15,3,3,WorkSafe Large,"(1,Common,1)","(1,Common,0)","(1,Common,0)","(1,Common,0)","(1,Common,0)","(1,Common,0)","(1,Common,0)","(1,Common,0)","(1,Uncommon,0)","(1,Uncommon,0)","(1,Uncommon,0)","(1,Uncommon,0)","(1,Rare,0)","(1,Rare,0)","(1,Legendary,0)"
233,DSK,15,3,1,WorkSafe Small,"(1,Common,1)","(1,Common,0)","(1,Common,0)","(1,Common,0)","(1,Common,0)","(1,Common,0)","(1,Common,0)","(1,Common,0)","(1,Uncommon,0)","(1,Uncommon,0)","(1,Uncommon,0)","(1,Uncommon,0)","(1,Rare,0)","(1,Rare,0)","(1,Legendary,0)"
226,DSK,15,1,2,HomeSafe Medium,"(1,Common,1)","(1,Common,0)","(1,Common,0)","(1,Common,0)","(1,Common,0)","(1,Common,0)","(1,Common,0)","(1,Common,0)","(1,Uncommon,0)","(1,Uncommon,0)","(1,Uncommon,0)","(1,Uncommon,0)","(1,Rare,0)","(1,Rare,0)","(1,Legendary,0)"
216,DSK,14,2,4,RapidShare BX7G,"(1,Common,1)","(1,Common,0)","(1,Common,0)","(1,Common,0)","(1,Common,0)","(1,Common,0)","(1,Common,0)","(1,Common,0)","(1,Uncommon,0)","(1,Uncommon,0)","(1,Uncommon,0)","(1,Uncommon,0)","(1,Rare,0)","(1,Rare,0)","(1,Legendary,0)"
83,BRD,6,1,3,L1 LoFi,"(1,Common,1)","(1,Common,0)","(1,Common,0)","(1,Common,0)","(1,Common,0)","(1,Common,0)","(1,Common,0)","(1,Common,0)","(1,Uncommon,0)","(1,Uncommon,0)","(1,Uncommon,0)","(1,Uncommon,0)","(1,Rare,0)","(1,Rare,0)","(1,Legendary,0)"
31,ANT,2,4,3,ConnectNet Montenegro,"(1,Common,1)","(1,Common,0)","(1,Common,0)","(1,Common,0)","(1,Common,0)","(1,Common,0)","(1,Common,0)","(1,Common,0)","(1,Uncommon,0)","(1,Uncommon,0)","(1,Uncommon,0)","(1,Uncommon,0)","(1,Rare,0)","(1,Rare,0)","(1,Legendary,0)"
170,CPU,11,3,2,OpenServ 08,"(1,Common,1)","(1,Common,0)","(1,Common,0)","(1,Common,0)","(1,Common,0)","(1,Common,0)","(1,Common,0)","(1,Common,0)","(1,Uncommon,0)","(1,Uncommon,0)","(1,Uncommon,0)","(1,Uncommon,0)","(1,Rare,0)","(1,Rare,0)","(1,Legendary,0)"
250,DSK,16,3,2,Depot 2000,"(1,Common,1)","(1,Common,0)","(1,Common,0)","(1,Common,0)","(1,Common,0)","(1,Common,0)","(1,Common,0)","(1,Common,0)","(1,Uncommon,0)","(1,Uncommon,0)","(1,Uncommon,0)","(1,Uncommon,0)","(1,Rare,0)","(1,Rare,0)","(1,Legendary,0)"
219,DSK,14,3,3,ProCollab PX5C,"(1,Common,1)","(1,Common,0)","(1,Common,0)","(1,Common,0)","(1,Common,0)","(1,Common,0)","(1,Common,0)","(1,Common,0)","(1,Uncommon,0)","(1,Uncommon,0)","(1,Uncommon,0)","(1,Uncommon,0)","(1,Rare,0)","(1,Rare,0)","(1,Legendary,0)"
74,BRD,5,3,2,S01-720-MJU09,"(1,Common,1)","(1,Common,0)","(1,Common,0)","(1,Common,0)","(1,Common,0)","(1,Common,0)","(1,Common,0)","(1,Common,0)","(1,Uncommon,0)","(1,Uncommon,0)","(1,Uncommon,0)","(1,Uncommon,0)","(1,Rare,0)","(1,Rare,0)","(1,Legendary,0)"
159,CPU,10,4,3,Hale,"(1,Common,1)","(1,Common,0)","(1,Common,0)","(1,Common,0)","(1,Common,0)","(1,Common,0)","(1,Common,0)","(1,Common,0)","(1,Uncommon,0)","(1,Uncommon,0)","(1,Uncommon,0)","(1,Uncommon,0)","(1,Rare,0)","(1,Rare,0)","(1,Legendary,0)"
2,ANT,1,1,2,Citra 100b,"(1,Common,1)","(1,Common,0)","(1,Common,0)","(1,Common,0)","(1,Common,0)","(1,Common,0)","(1,Common,0)","(1,Common,0)","(1,Uncommon,0)","(1,Uncommon,0)","(1,Uncommon,0)","(1,Uncommon,0)","(1,Rare,0)","(1,Rare,0)","(1,Legendary,0)"
253,DSK,16,4,1,Repo 100,"(1,Common,1)","(1,Common,0)","(1,Common,0)","(1,Common,0)","(1,Common,0)","(1,Common,0)","(1,Common,0)","(1,Common,0)","(1,Uncommon,0)","(1,Uncommon,0)","(1,Uncommon,0)","(1,Uncommon,0)","(1,Rare,0)","(1,Rare,0)","(1,Legendary,0)"
92,BRD,6,3,4,T7 Trust,"(1,Common,1)","(1,Common,0)","(1,Common,0)","(1,Common,0)","(1,Common,0)","(1,Common,0)","(1,Common,0)","(1,Common,0)","(1,Uncommon,0)","(1,Uncommon,0)","(1,Uncommon,0)","(1,Uncommon,0)","(1,Rare,0)","(1,Rare,0)","(1,Legendary,0)"
21,ANT,2,2,1,SurfNet Arak,"(1,Common,1)","(1,Common,0)","(1,Common,0)","(1,Common,0)","(1,Common,0)","(1,Common,0)","(1,Common,0)","(1,Common,0)","(1,Uncommon,0)","(1,Uncommon,0)","(1,Uncommon,0)","(1,Uncommon,0)","(1,Rare,0)","(1,Rare,0)","(1,Legendary,0)"
127,BRD,8,4,3,Optical K550K,"(1,Common,1)","(1,Common,0)","(1,Common,0)","(1,Common,0)","(1,Common,0)","(1,Common,0)","(1,Common,0)","(1,Common,0)","(1,Uncommon,0)","(1,Uncommon,0)","(1,Uncommon,0)","(1,Uncommon,0)","(1,Rare,0)","(1,Rare,0)","(1,Legendary,0)"
175,CPU,11,4,3,OpenServ 01,"(1,Common,1)","(1,Common,0)","(1,Common,0)","(1,Common,0)","(1,Common,0)","(1,Common,0)","(1,Common,0)","(1,Common,0)","(1,Uncommon,0)","(1,Uncommon,0)","(1,Uncommon,0)","(1,Uncommon,0)","(1,Rare,0)","(1,Rare,0)","(1,Legendary,0)"
203,DSK,13,3,3,Black Gen3,"(1,Common,1)","(1,Common,0)","(1,Common,0)","(1,Common,0)","(1,Common,0)","(1,Common,0)","(1,Common,0)","(1,Common,0)","(1,Uncommon,0)","(1,Uncommon,0)","(1,Uncommon,0)","(1,Uncommon,0)","(1,Rare,0)","(1,Rare,0)","(1,Legendary,0)"
100,BRD,7,1,4,Laetissimus,"(1,Common,1)","(1,Common,0)","(1,Common,0)","(1,Common,0)","(1,Common,0)","(1,Common,0)","(1,Common,0)","(1,Common,0)","(1,Uncommon,0)","(1,Uncommon,0)","(1,Uncommon,0)","(1,Uncommon,0)","(1,Rare,0)","(1,Rare,0)","(1,Legendary,0)"
201,DSK,13,3,1,Black Gen1,"(1,Common,1)","(1,Common,0)","(1,Common,0)","(1,Common,0)","(1,Common,0)","(1,Common,0)","(1,Common,0)","(1,Common,0)","(1,Uncommon,0)","(1,Uncommon,0)","(1,Uncommon,0)","(1,Uncommon,0)","(1,Rare,0)","(1,Rare,0)","(1,Legendary,0)"
180,CPU,12,1,4,Cap Woad,"(1,Common,1)","(1,Common,0)","(1,Common,0)","(1,Common,0)","(1,Common,0)","(1,Common,0)","(1,Common,0)","(1,Common,0)","(1,Uncommon,0)","(1,Uncommon,0)","(1,Uncommon,0)","(1,Uncommon,0)","(1,Rare,0)","(1,Rare,0)","(1,Legendary,0)"
174,CPU,11,4,2,OpenCore 6-Y,"(1,Common,1)","(1,Common,0)","(1,Common,0)","(1,Common,0)","(1,Common,0)","(1,Common,0)","(1,Common,0)","(1,Common,0)","(1,Uncommon,0)","(1,Uncommon,0)","(1,Uncommon,0)","(1,Uncommon,0)","(1,Rare,0)","(1,Rare,0)","(1,Legendary,0)"
11,ANT,1,3,3,Strata 330ab,"(1,Common,1)","(1,Common,0)","(1,Common,0)","(1,Common,0)","(1,Common,0)","(1,Common,0)","(1,Common,0)","(1,Common,0)","(1,Uncommon,0)","(1,Uncommon,0)","(1,Uncommon,0)","(1,Uncommon,0)","(1,Rare,0)","(1,Rare,0)","(1,Legendary,0)"
47,ANT,3,4,3,LX2000 Rye,"(1,Common,1)","(1,Common,0)","(1,Common,0)","(1,Common,0)","(1,Common,0)","(1,Common,0)","(1,Common,0)","(1,Common,0)","(1,Uncommon,0)","(1,Uncommon,0)","(1,Uncommon,0)","(1,Uncommon,0)","(1,Rare,0)","(1,Rare,0)","(1,Legendary,0)"
246,DSK,16,2,2,Silo 60,"(1,Common,1)","(1,Common,0)","(1,Common,0)","(1,Common,0)","(1,Common,0)","(1,Common,0)","(1,Common,0)","(1,Common,0)","(1,Uncommon,0)","(1,Uncommon,0)","(1,Uncommon,0)","(1,Uncommon,0)","(1,Rare,0)","(1,Rare,0)","(1,Legendary,0)"
79,BRD,5,4,3,I01-640-PFM38,"(1,Common,1)","(1,Common,0)","(1,Common,0)","(1,Common,0)","(1,Common,0)","(1,Common,0)","(1,Common,0)","(1,Common,0)","(1,Uncommon,0)","(1,Uncommon,0)","(1,Uncommon,0)","(1,Uncommon,0)","(1,Rare,0)","(1,Rare,0)","(1,Legendary,0)"
139,CPU,9,3,3,CC3455,"(1,Common,1)","(1,Common,0)","(1,Common,0)","(1,Common,0)","(1,Common,0)","(1,Common,0)","(1,Common,0)","(1,Common,0)","(1,Uncommon,0)","(1,Uncommon,0)","(1,Uncommon,0)","(1,Uncommon,0)","(1,Rare,0)","(1,Rare,0)","(1,Legendary,0)"
198,DSK,13,2,2,Yellow Gen2,"(1,Common,1)","(1,Common,0)","(1,Common,0)","(1,Common,0)","(1,Common,0)","(1,Common,0)","(1,Common,0)","(1,Common,0)","(1,Uncommon,0)","(1,Uncommon,0)","(1,Uncommon,0)","(1,Uncommon,0)","(1,Rare,0)","(1,Rare,0)","(1,Legendary,0)"
125,BRD,8,4,1,Functional K550K,"(1,Common,1)","(1,Common,0)","(1,Common,0)","(1,Common,0)","(1,Common,0)","(1,Common,0)","(1,Common,0)","(1,Common,0)","(1,Uncommon,0)","(1,Uncommon,0)","(1,Uncommon,0)","(1,Uncommon,0)","(1,Rare,0)","(1,Rare,0)","(1,Legendary,0)"
75,BRD,5,3,3,S01-720-UOA23,"(1,Common,1)","(1,Common,0)","(1,Common,0)","(1,Common,0)","(1,Common,0)","(1,Common,0)","(1,Common,0)","(1,Common,0)","(1,Uncommon,0)","(1,Uncommon,0)","(1,Uncommon,0)","(1,Uncommon,0)","(1,Rare,0)","(1,Rare,0)","(1,Legendary,0)"
199,DSK,13,2,3,Yellow Gen3,"(1,Common,1)","(1,Common,0)","(1,Common,0)","(1,Common,0)","(1,Common,0)","(1,Common,0)","(1,Common,0)","(1,Common,0)","(1,Uncommon,0)","(1,Uncommon,0)","(1,Uncommon,0)","(1,Uncommon,0)","(1,Rare,0)","(1,Rare,0)","(1,Legendary,0)"
22,ANT,2,2,2,SurfNet Chartreuse,"(1,Common,1)","(1,Common,0)","(1,Common,0)","(1,Common,0)","(1,Common,0)","(1,Common,0)","(1,Common,0)","(1,Common,0)","(1,Uncommon,0)","(1,Uncommon,0)","(1,Uncommon,0)","(1,Uncommon,0)","(1,Rare,0)","(1,Rare,0)","(1,Legendary,0)"
103,BRD,7,2,3,Excitatur,"(1,Common,1)","(1,Common,0)","(1,Common,0)","(1,Common,0)","(1,Common,0)","(1,Common,0)","(1,Common,0)","(1,Common,0)","(1,Uncommon,0)","(1,Uncommon,0)","(1,Uncommon,0)","(1,Uncommon,0)","(1,Rare,0)","(1,Rare,0)","(1,Legendary,0)"
122,BRD,8,3,2,Enjoin L660L,"(1,Common,1)","(1,Common,0)","(1,Common,0)","(1,Common,0)","(1,Common,0)","(1,Common,0)","(1,Common,0)","(1,Common,0)","(1,Uncommon,0)","(1,Uncommon,0)","(1,Uncommon,0)","(1,Uncommon,0)","(1,Rare,0)","(1,Rare,0)","(1,Legendary,0)"
227,DSK,15,1,3,HomeSafe Large,"(1,Common,1)","(1,Common,0)","(1,Common,0)","(1,Common,0)","(1,Common,0)","(1,Common,0)","(1,Common,0)","(1,Common,0)","(1,Uncommon,0)","(1,Uncommon,0)","(1,Uncommon,0)","(1,Uncommon,0)","(1,Rare,0)","(1,Rare,0)","(1,Legendary,0)"
231,DSK,15,2,3,GameSafe Large,"(1,Common,1)","(1,Common,0)","(1,Common,0)","(1,Common,0)","(1,Common,0)","(1,Common,0)","(1,Common,0)","(1,Common,0)","(1,Uncommon,0)","(1,Uncommon,0)","(1,Uncommon,0)","(1,Uncommon,0)","(1,Rare,0)","(1,Rare,0)","(1,Legendary,0)"
166,CPU,11,2,2,OpenCore 2-Y+,"(1,Common,1)","(1,Common,0)","(1,Common,0)","(1,Common,0)","(1,Common,0)","(1,Common,0)","(1,Common,0)","(1,Common,0)","(1,Uncommon,0)","(1,Uncommon,0)","(1,Uncommon,0)","(1,Uncommon,0)","(1,Rare,0)","(1,Rare,0)","(1,Legendary,0)"
188,CPU,12,3,4,Bill Silver,"(1,Common,1)","(1,Common,0)","(1,Common,0)","(1,Common,0)","(1,Common,0)","(1,Common,0)","(1,Common,0)","(1,Common,0)","(1,Uncommon,0)","(1,Uncommon,0)","(1,Uncommon,0)","(1,Uncommon,0)","(1,Rare,0)","(1,Rare,0)","(1,Legendary,0)"
126,BRD,8,4,2,Geometric K550K,"(1,Common,1)","(1,Common,0)","(1,Common,0)","(1,Common,0)","(1,Common,0)","(1,Common,0)","(1,Common,0)","(1,Common,0)","(1,Uncommon,0)","(1,Uncommon,0)","(1,Uncommon,0)","(1,Uncommon,0)","(1,Rare,0)","(1,Rare,0)","(1,Legendary,0)"
3,ANT,1,1,3,Citra 100ab,"(1,Common,1)","(1,Common,0)","(1,Common,0)","(1,Common,0)","(1,Common,0)","(1,Common,0)","(1,Common,0)","(1,Common,0)","(1,Uncommon,0)","(1,Uncommon,0)","(1,Uncommon,0)","(1,Uncommon,0)","(1,Rare,0)","(1,Rare,0)","(1,Legendary,0)"
120,BRD,8,2,4,Resistance J460J,"(1,Common,1)","(1,Common,0)","(1,Common,0)","(1,Common,0)","(1,Common,0)","(1,Common,0)","(1,Common,0)","(1,Common,0)","(1,Uncommon,0)","(1,Uncommon,0)","(1,Uncommon,0)","(1,Uncommon,0)","(1,Rare,0)","(1,Rare,0)","(1,Legendary,0)"
98,BRD,7,1,2,Felix,"(1,Common,1)","(1,Common,0)","(1,Common,0)","(1,Common,0)","(1,Common,0)","(1,Common,0)","(1,Common,0)","(1,Common,0)","(1,Uncommon,0)","(1,Uncommon,0)","(1,Uncommon,0)","(1,Uncommon,0)","(1,Rare,0)","(1,Rare,0)","(1,Legendary,0)"
153,CPU,10,3,1,Einstein,"(1,Common,1)","(1,Common,0)","(1,Common,0)","(1,Common,0)","(1,Common,0)","(1,Common,0)","(1,Common,0)","(1,Common,0)","(1,Uncommon,0)","(1,Uncommon,0)","(1,Uncommon,0)","(1,Uncommon,0)","(1,Rare,0)","(1,Rare,0)","(1,Legendary,0)"
137,CPU,9,3,1,CC3155,"(1,Common,1)","(1,Common,0)","(1,Common,0)","(1,Common,0)","(1,Common,0)","(1,Common,0)","(1,Common,0)","(1,Common,0)","(1,Uncommon,0)","(1,Uncommon,0)","(1,Uncommon,0)","(1,Uncommon,0)","(1,Rare,0)","(1,Rare,0)","(1,Legendary,0)"
171,CPU,11,3,3,OpenServ 12,"(1,Common,1)","(1,Common,0)","(1,Common,0)","(1,Common,0)","(1,Common,0)","(1,Common,0)","(1,Common,0)","(1,Common,0)","(1,Uncommon,0)","(1,Uncommon,0)","(1,Uncommon,0)","(1,Uncommon,0)","(1,Rare,0)","(1,Rare,0)","(1,Legendary,0)"
30,ANT,2,4,2,ConnectNet Del Capo,"(1,Common,1)","(1,Common,0)","(1,Common,0)","(1,Common,0)","(1,Common,0)","(1,Common,0)","(1,Common,0)","(1,Common,0)","(1,Uncommon,0)","(1,Uncommon,0)","(1,Uncommon,0)","(1,Uncommon,0)","(1,Rare,0)","(1,Rare,0)","(1,Legendary,0)"
57,ANT,4,3,1,Carmnre,"(1,Common,1)","(1,Common,0)","(1,Common,0)","(1,Common,0)","(1,Common,0)","(1,Common,0)","(1,Common,0)","(1,Common,0)","(1,Uncommon,0)","(1,Uncommon,0)","(1,Uncommon,0)","(1,Uncommon,0)","(1,Rare,0)","(1,Rare,0)","(1,Legendary,0)"
63,ANT,4,4,3,Sangiovese,"(1,Common,1)","(1,Common,0)","(1,Common,0)","(1,Common,0)","(1,Common,0)","(1,Common,0)","(1,Common,0)","(1,Common,0)","(1,Uncommon,0)","(1,Uncommon,0)","(1,Uncommon,0)","(1,Uncommon,0)","(1,Rare,0)","(1,Rare,0)","(1,Legendary,0)"
210,DSK,14,1,2,ShareAll BX1B,"(1,Common,1)","(1,Common,0)","(1,Common,0)","(1,Common,0)","(1,Common,0)","(1,Common,0)","(1,Common,0)","(1,Common,0)","(1,Uncommon,0)","(1,Uncommon,0)","(1,Uncommon,0)","(1,Uncommon,0)","(1,Rare,0)","(1,Rare,0)","(1,Legendary,0)"
51,ANT,4,1,3,Torrontes,"(1,Common,1)","(1,Common,0)","(1,Common,0)","(1,Common,0)","(1,Common,0)","(1,Common,0)","(1,Common,0)","(1,Common,0)","(1,Uncommon,0)","(1,Uncommon,0)","(1,Uncommon,0)","(1,Uncommon,0)","(1,Rare,0)","(1,Rare,0)","(1,Legendary,0)"
59,ANT,4,3,3,Nebbiolo,"(1,Common,1)","(1,Common,0)","(1,Common,0)","(1,Common,0)","(1,Common,0)","(1,Common,0)","(1,Common,0)","(1,Common,0)","(1,Uncommon,0)","(1,Uncommon,0)","(1,Uncommon,0)","(1,Uncommon,0)","(1,Rare,0)","(1,Rare,0)","(1,Legendary,0)"
185,CPU,12,3,1,Bill Copper,"(1,Common,1)","(1,Common,0)","(1,Common,0)","(1,Common,0)","(1,Common,0)","(1,Common,0)","(1,Common,0)","(1,Common,0)","(1,Uncommon,0)","(1,Uncommon,0)","(1,Uncommon,0)","(1,Uncommon,0)","(1,Rare,0)","(1,Rare,0)","(1,Legendary,0)"
53,ANT,4,2,1,Airen,"(1,Common,1)","(1,Common,0)","(1,Common,0)","(1,Common,0)","(1,Common,0)","(1,Common,0)","(1,Common,0)","(1,Common,0)","(1,Uncommon,0)","(1,Uncommon,0)","(1,Uncommon,0)","(1,Uncommon,0)","(1,Rare,0)","(1,Rare,0)","(1,Legendary,0)"
17,ANT,2,1,1,CruiseNet Aquavit,"(1,Common,1)","(1,Common,0)","(1,Common,0)","(1,Common,0)","(1,Common,0)","(1,Common,0)","(1,Common,0)","(1,Common,0)","(1,Uncommon,0)","(1,Uncommon,0)","(1,Uncommon,0)","(1,Uncommon,0)","(1,Rare,0)","(1,Rare,0)","(1,Legendary,0)"
217,DSK,14,3,1,ProCollab PX5A,"(1,Common,1)","(1,Common,0)","(1,Common,0)","(1,Common,0)","(1,Common,0)","(1,Common,0)","(1,Common,0)","(1,Common,0)","(1,Uncommon,0)","(1,Uncommon,0)","(1,Uncommon,0)","(1,Uncommon,0)","(1,Rare,0)","(1,Rare,0)","(1,Legendary,0)"
248,DSK,16,2,4,Silo 100,"(1,Common,1)","(1,Common,0)","(1,Common,0)","(1,Common,0)","(1,Common,0)","(1,Common,0)","(1,Common,0)","(1,Common,0)","(1,Uncommon,0)","(1,Uncommon,0)","(1,Uncommon,0)","(1,Uncommon,0)","(1,Rare,0)","(1,Rare,0)","(1,Legendary,0)"
242,DSK,16,1,2,Stockpile 40,"(1,Common,1)","(1,Common,0)","(1,Common,0)","(1,Common,0)","(1,Common,0)","(1,Common,0)","(1,Common,0)","(1,Common,0)","(1,Uncommon,0)","(1,Uncommon,0)","(1,Uncommon,0)","(1,Uncommon,0)","(1,Rare,0)","(1,Rare,0)","(1,Legendary,0)"
182,CPU,12,2,2,Mask Ruby,"(1,Common,1)","(1,Common,0)","(1,Common,0)","(1,Common,0)","(1,Common,0)","(1,Common,0)","(1,Common,0)","(1,Common,0)","(1,Uncommon,0)","(1,Uncommon,0)","(1,Uncommon,0)","(1,Uncommon,0)","(1,Rare,0)","(1,Rare,0)","(1,Legendary,0)"
60,ANT,4,3,4,Pinotage,"(1,Common,1)","(1,Common,0)","(1,Common,0)","(1,Common,0)","(1,Common,0)","(1,Common,0)","(1,Common,0)","(1,Common,0)","(1,Uncommon,0)","(1,Uncommon,0)","(1,Uncommon,0)","(1,Uncommon,0)","(1,Rare,0)","(1,Rare,0)","(1,Legendary,0)"
176,CPU,11,4,4,OpenServ 02,"(1,Common,1)","(1,Common,0)","(1,Common,0)","(1,Common,0)","(1,Common,0)","(1,Common,0)","(1,Common,0)","(1,Common,0)","(1,Uncommon,0)","(1,Uncommon,0)","(1,Uncommon,0)","(1,Uncommon,0)","(1,Rare,0)","(1,Rare,0)","(1,Legendary,0)"
224,DSK,14,4,4,AdvCollab PX3B,"(1,Common,1)","(1,Common,0)","(1,Common,0)","(1,Common,0)","(1,Common,0)","(1,Common,0)","(1,Common,0)","(1,Common,0)","(1,Uncommon,0)","(1,Uncommon,0)","(1,Uncommon,0)","(1,Uncommon,0)","(1,Rare,0)","(1,Rare,0)","(1,Legendary,0)"
186,CPU,12,3,2,Bill Gold,"(1,Common,1)","(1,Common,0)","(1,Common,0)","(1,Common,0)","(1,Common,0)","(1,Common,0)","(1,Common,0)","(1,Common,0)","(1,Uncommon,0)","(1,Uncommon,0)","(1,Uncommon,0)","(1,Uncommon,0)","(1,Rare,0)","(1,Rare,0)","(1,Legendary,0)"
140,CPU,9,3,4,CC3855,"(1,Common,1)","(1,Common,0)","(1,Common,0)","(1,Common,0)","(1,Common,0)","(1,Common,0)","(1,Common,0)","(1,Common,0)","(1,Uncommon,0)","(1,Uncommon,0)","(1,Uncommon,0)","(1,Uncommon,0)","(1,Rare,0)","(1,Rare,0)","(1,Legendary,0)"
146,CPU,10,1,2,Copernicus,"(1,Common,1)","(1,Common,0)","(1,Common,0)","(1,Common,0)","(1,Common,0)","(1,Common,0)","(1,Common,0)","(1,Common,0)","(1,Uncommon,0)","(1,Uncommon,0)","(1,Uncommon,0)","(1,Uncommon,0)","(1,Rare,0)","(1,Rare,0)","(1,Legendary,0)"
1,ANT,1,1,1,Citra 100a,"(1,Common,1)","(1,Common,0)","(1,Common,0)","(1,Common,0)","(1,Common,0)","(1,Common,0)","(1,Common,0)","(1,Common,0)","(1,Uncommon,0)","(1,Uncommon,0)","(1,Uncommon,0)","(1,Uncommon,0)","(1,Rare,0)","(1,Rare,0)","(1,Legendary,0)"
237,DSK,15,4,1,SOHOSafe Small,"(1,Common,1)","(1,Common,0)","(1,Common,0)","(1,Common,0)","(1,Common,0)","(1,Common,0)","(1,Common,0)","(1,Common,0)","(1,Uncommon,0)","(1,Uncommon,0)","(1,Uncommon,0)","(1,Uncommon,0)","(1,Rare,0)","(1,Rare,0)","(1,Legendary,0)"
218,DSK,14,3,2,ProCollab PX5B,"(1,Common,1)","(1,Common,0)","(1,Common,0)","(1,Common,0)","(1,Common,0)","(1,Common,0)","(1,Common,0)","(1,Common,0)","(1,Uncommon,0)","(1,Uncommon,0)","(1,Uncommon,0)","(1,Uncommon,0)","(1,Rare,0)","(1,Rare,0)","(1,Legendary,0)"
109,BRD,7,4,1,Aspirare,"(1,Common,1)","(1,Common,0)","(1,Common,0)","(1,Common,0)","(1,Common,0)","(1,Common,0)","(1,Common,0)","(1,Common,0)","(1,Uncommon,0)","(1,Uncommon,0)","(1,Uncommon,0)","(1,Uncommon,0)","(1,Rare,0)","(1,Rare,0)","(1,Legendary,0)"
