id,category_1,category_2,category_3,number,title,cardslot_1,cardslot_2,cardslot_3,cardslot_4,cardslot_5,cardslot_6,cardslot_7,cardslot_8,cardslot_9,cardslot_10,cardslot_11,cardslot_12,cardslot_13,cardslot_14,cardslot_15
1,Distro,Consumer,Casual,1,Aadvark,"(1,Common,1)","(1,Common,0)","(1,Common,0)","(1,Common,0)","(1,Common,0)","(1,Common,0)","(1,Common,0)","(1,Common,0)","(1,Uncommon,0)","(1,Uncommon,0)","(1,Uncommon,0)","(1,Uncommon,0)","(1,Rare,0)","(1,Rare,0)","(1,Legendary,0)"
3,Distro,Consumer,Casual,3,Hobbit,"(1,Common,1)","(1,Common,0)","(1,Common,0)","(1,Common,0)","(1,Common,0)","(1,Common,0)","(1,Common,0)","(1,Common,0)","(1,Uncommon,0)","(1,Uncommon,0)","(1,Uncommon,0)","(1,Uncommon,0)","(1,Rare,0)","(1,Rare,0)","(1,Legendary,0)"
2,Distro,Consumer,Casual,2,Faerie,"(1,Common,1)","(1,Common,0)","(1,Common,0)","(1,Common,0)","(1,Common,0)","(1,Common,0)","(1,Common,0)","(1,Common,0)","(1,Uncommon,0)","(1,Uncommon,0)","(1,Uncommon,0)","(1,Uncommon,0)","(1,Rare,0)","(1,Rare,0)","(1,Legendary,0)"
4,Distro,Consumer,Casual,4,Utopia,"(1,Common,1)","(1,Common,0)","(1,Common,0)","(1,Common,0)","(1,Common,0)","(1,Common,0)","(1,Common,0)","(1,Common,0)","(1,Uncommon,0)","(1,Uncommon,0)","(1,Uncommon,0)","(1,Uncommon,0)","(1,Rare,0)","(1,Rare,0)","(1,Legendary,0)"
5,Distro,Consumer,Content,1,Dreamwalker,"(1,Common,1)","(1,Common,0)","(1,Common,0)","(1,Common,0)","(1,Common,0)","(1,Common,0)","(1,Common,0)","(1,Common,0)","(1,Uncommon,0)","(1,Uncommon,0)","(1,Uncommon,0)","(1,Uncommon,0)","(1,Rare,0)","(1,Rare,0)","(1,Legendary,0)"
6,Distro,Consumer,Content,2,Fantasia,"(1,Common,1)","(1,Common,0)","(1,Common,0)","(1,Common,0)","(1,Common,0)","(1,Common,0)","(1,Common,0)","(1,Common,0)","(1,Uncommon,0)","(1,Uncommon,0)","(1,Uncommon,0)","(1,Uncommon,0)","(1,Rare,0)","(1,Rare,0)","(1,Legendary,0)"
7,Distro,Consumer,Content,3,Lucid,"(1,Common,1)","(1,Common,0)","(1,Common,0)","(1,Common,0)","(1,Common,0)","(1,Common,0)","(1,Common,0)","(1,Common,0)","(1,Uncommon,0)","(1,Uncommon,0)","(1,Uncommon,0)","(1,Uncommon,0)","(1,Rare,0)","(1,Rare,0)","(1,Legendary,0)"
8,Distro,Consumer,Content,4,Shimmer,"(1,Common,1)","(1,Common,0)","(1,Common,0)","(1,Common,0)","(1,Common,0)","(1,Common,0)","(1,Common,0)","(1,Common,0)","(1,Uncommon,0)","(1,Uncommon,0)","(1,Uncommon,0)","(1,Uncommon,0)","(1,Rare,0)","(1,Rare,0)","(1,Legendary,0)"
9,Distro,Consumer,Gaming,1,Black Dragon,"(1,Common,1)","(1,Common,0)","(1,Common,0)","(1,Common,0)","(1,Common,0)","(1,Common,0)","(1,Common,0)","(1,Common,0)","(1,Uncommon,0)","(1,Uncommon,0)","(1,Uncommon,0)","(1,Uncommon,0)","(1,Rare,0)","(1,Rare,0)","(1,Legendary,0)"
10,Distro,Consumer,Gaming,2,Dragonfire,"(1,Common,1)","(1,Common,0)","(1,Common,0)","(1,Common,0)","(1,Common,0)","(1,Common,0)","(1,Common,0)","(1,Common,0)","(1,Uncommon,0)","(1,Uncommon,0)","(1,Uncommon,0)","(1,Uncommon,0)","(1,Rare,0)","(1,Rare,0)","(1,Legendary,0)"
11,Distro,Consumer,Gaming,3,Excalibur,"(1,Common,1)","(1,Common,0)","(1,Common,0)","(1,Common,0)","(1,Common,0)","(1,Common,0)","(1,Common,0)","(1,Common,0)","(1,Uncommon,0)","(1,Uncommon,0)","(1,Uncommon,0)","(1,Uncommon,0)","(1,Rare,0)","(1,Rare,0)","(1,Legendary,0)"
12,Distro,Consumer,Gaming,4,Hydra,"(1,Common,1)","(1,Common,0)","(1,Common,0)","(1,Common,0)","(1,Common,0)","(1,Common,0)","(1,Common,0)","(1,Common,0)","(1,Uncommon,0)","(1,Uncommon,0)","(1,Uncommon,0)","(1,Uncommon,0)","(1,Rare,0)","(1,Rare,0)","(1,Legendary,0)"
13,Distro,Consumer,Productivity,1,Hyperspace,"(1,Common,1)","(1,Common,0)","(1,Common,0)","(1,Common,0)","(1,Common,0)","(1,Common,0)","(1,Common,0)","(1,Common,0)","(1,Uncommon,0)","(1,Uncommon,0)","(1,Uncommon,0)","(1,Uncommon,0)","(1,Rare,0)","(1,Rare,0)","(1,Legendary,0)"
14,Distro,Consumer,Productivity,2,Nebula,"(1,Common,1)","(1,Common,0)","(1,Common,0)","(1,Common,0)","(1,Common,0)","(1,Common,0)","(1,Common,0)","(1,Common,0)","(1,Uncommon,0)","(1,Uncommon,0)","(1,Uncommon,0)","(1,Uncommon,0)","(1,Rare,0)","(1,Rare,0)","(1,Legendary,0)"
15,Distro,Consumer,Productivity,3,Quasar,"(1,Common,1)","(1,Common,0)","(1,Common,0)","(1,Common,0)","(1,Common,0)","(1,Common,0)","(1,Common,0)","(1,Common,0)","(1,Uncommon,0)","(1,Uncommon,0)","(1,Uncommon,0)","(1,Uncommon,0)","(1,Rare,0)","(1,Rare,0)","(1,Legendary,0)"
16,Distro,Consumer,Productivity,4,Supernova,"(1,Common,1)","(1,Common,0)","(1,Common,0)","(1,Common,0)","(1,Common,0)","(1,Common,0)","(1,Common,0)","(1,Common,0)","(1,Uncommon,0)","(1,Uncommon,0)","(1,Uncommon,0)","(1,Uncommon,0)","(1,Rare,0)","(1,Rare,0)","(1,Legendary,0)"
17,Distro,Fringe,Exotic,1,Elysium,"(1,Common,1)","(1,Common,0)","(1,Common,0)","(1,Common,0)","(1,Common,0)","(1,Common,0)","(1,Common,0)","(1,Common,0)","(1,Uncommon,0)","(1,Uncommon,0)","(1,Uncommon,0)","(1,Uncommon,0)","(1,Rare,0)","(1,Rare,0)","(1,Legendary,0)"
18,Distro,Fringe,Exotic,2,Immortal,"(1,Common,1)","(1,Common,0)","(1,Common,0)","(1,Common,0)","(1,Common,0)","(1,Common,0)","(1,Common,0)","(1,Common,0)","(1,Uncommon,0)","(1,Uncommon,0)","(1,Uncommon,0)","(1,Uncommon,0)","(1,Rare,0)","(1,Rare,0)","(1,Legendary,0)"
19,Distro,Fringe,Exotic,3,Jekyll,"(1,Common,1)","(1,Common,0)","(1,Common,0)","(1,Common,0)","(1,Common,0)","(1,Common,0)","(1,Common,0)","(1,Common,0)","(1,Uncommon,0)","(1,Uncommon,0)","(1,Uncommon,0)","(1,Uncommon,0)","(1,Rare,0)","(1,Rare,0)","(1,Legendary,0)"
20,Distro,Fringe,Exotic,4,Soul,"(1,Common,1)","(1,Common,0)","(1,Common,0)","(1,Common,0)","(1,Common,0)","(1,Common,0)","(1,Common,0)","(1,Common,0)","(1,Uncommon,0)","(1,Uncommon,0)","(1,Uncommon,0)","(1,Uncommon,0)","(1,Rare,0)","(1,Rare,0)","(1,Legendary,0)"
21,Distro,Fringe,Niche,1,Epicurus,"(1,Common,1)","(1,Common,0)","(1,Common,0)","(1,Common,0)","(1,Common,0)","(1,Common,0)","(1,Common,0)","(1,Common,0)","(1,Uncommon,0)","(1,Uncommon,0)","(1,Uncommon,0)","(1,Uncommon,0)","(1,Rare,0)","(1,Rare,0)","(1,Legendary,0)"
22,Distro,Fringe,Niche,2,Hawkeye,"(1,Common,1)","(1,Common,0)","(1,Common,0)","(1,Common,0)","(1,Common,0)","(1,Common,0)","(1,Common,0)","(1,Common,0)","(1,Uncommon,0)","(1,Uncommon,0)","(1,Uncommon,0)","(1,Uncommon,0)","(1,Rare,0)","(1,Rare,0)","(1,Legendary,0)"
23,Distro,Fringe,Niche,3,Silver Bullet,"(1,Common,1)","(1,Common,0)","(1,Common,0)","(1,Common,0)","(1,Common,0)","(1,Common,0)","(1,Common,0)","(1,Common,0)","(1,Uncommon,0)","(1,Uncommon,0)","(1,Uncommon,0)","(1,Uncommon,0)","(1,Rare,0)","(1,Rare,0)","(1,Legendary,0)"
24,Distro,Fringe,Niche,4,Zenith,"(1,Common,1)","(1,Common,0)","(1,Common,0)","(1,Common,0)","(1,Common,0)","(1,Common,0)","(1,Common,0)","(1,Common,0)","(1,Uncommon,0)","(1,Uncommon,0)","(1,Uncommon,0)","(1,Uncommon,0)","(1,Rare,0)","(1,Rare,0)","(1,Legendary,0)"
25,Distro,Fringe,Retro,1,Cyberpunk,"(1,Common,1)","(1,Common,0)","(1,Common,0)","(1,Common,0)","(1,Common,0)","(1,Common,0)","(1,Common,0)","(1,Common,0)","(1,Uncommon,0)","(1,Uncommon,0)","(1,Uncommon,0)","(1,Uncommon,0)","(1,Rare,0)","(1,Rare,0)","(1,Legendary,0)"
26,Distro,Fringe,Retro,2,Griffin,"(1,Common,1)","(1,Common,0)","(1,Common,0)","(1,Common,0)","(1,Common,0)","(1,Common,0)","(1,Common,0)","(1,Common,0)","(1,Uncommon,0)","(1,Uncommon,0)","(1,Uncommon,0)","(1,Uncommon,0)","(1,Rare,0)","(1,Rare,0)","(1,Legendary,0)"
27,Distro,Fringe,Retro,3,Kraken,"(1,Common,1)","(1,Common,0)","(1,Common,0)","(1,Common,0)","(1,Common,0)","(1,Common,0)","(1,Common,0)","(1,Common,0)","(1,Uncommon,0)","(1,Uncommon,0)","(1,Uncommon,0)","(1,Uncommon,0)","(1,Rare,0)","(1,Rare,0)","(1,Legendary,0)"
28,Distro,Fringe,Retro,4,Skynet,"(1,Common,1)","(1,Common,0)","(1,Common,0)","(1,Common,0)","(1,Common,0)","(1,Common,0)","(1,Common,0)","(1,Common,0)","(1,Uncommon,0)","(1,Uncommon,0)","(1,Uncommon,0)","(1,Uncommon,0)","(1,Rare,0)","(1,Rare,0)","(1,Legendary,0)"
29,Distro,Fringe,Source,1,Firebird,"(1,Common,1)","(1,Common,0)","(1,Common,0)","(1,Common,0)","(1,Common,0)","(1,Common,0)","(1,Common,0)","(1,Common,0)","(1,Uncommon,0)","(1,Uncommon,0)","(1,Uncommon,0)","(1,Uncommon,0)","(1,Rare,0)","(1,Rare,0)","(1,Legendary,0)"
30,Distro,Fringe,Source,2,Icarus,"(1,Common,1)","(1,Common,0)","(1,Common,0)","(1,Common,0)","(1,Common,0)","(1,Common,0)","(1,Common,0)","(1,Common,0)","(1,Uncommon,0)","(1,Uncommon,0)","(1,Uncommon,0)","(1,Uncommon,0)","(1,Rare,0)","(1,Rare,0)","(1,Legendary,0)"
31,Distro,Fringe,Source,3,Phoenix,"(1,Common,1)","(1,Common,0)","(1,Common,0)","(1,Common,0)","(1,Common,0)","(1,Common,0)","(1,Common,0)","(1,Common,0)","(1,Uncommon,0)","(1,Uncommon,0)","(1,Uncommon,0)","(1,Uncommon,0)","(1,Rare,0)","(1,Rare,0)","(1,Legendary,0)"
32,Distro,Fringe,Source,4,Resurrection,"(1,Common,1)","(1,Common,0)","(1,Common,0)","(1,Common,0)","(1,Common,0)","(1,Common,0)","(1,Common,0)","(1,Common,0)","(1,Uncommon,0)","(1,Uncommon,0)","(1,Uncommon,0)","(1,Uncommon,0)","(1,Rare,0)","(1,Rare,0)","(1,Legendary,0)"
33,Distro,Hardened,Anonymous,1,Flux,"(1,Common,1)","(1,Common,0)","(1,Common,0)","(1,Common,0)","(1,Common,0)","(1,Common,0)","(1,Common,0)","(1,Common,0)","(1,Uncommon,0)","(1,Uncommon,0)","(1,Uncommon,0)","(1,Uncommon,0)","(1,Rare,0)","(1,Rare,0)","(1,Legendary,0)"
34,Distro,Hardened,Anonymous,2,Ghost,"(1,Common,1)","(1,Common,0)","(1,Common,0)","(1,Common,0)","(1,Common,0)","(1,Common,0)","(1,Common,0)","(1,Common,0)","(1,Uncommon,0)","(1,Uncommon,0)","(1,Uncommon,0)","(1,Uncommon,0)","(1,Rare,0)","(1,Rare,0)","(1,Legendary,0)"
35,Distro,Hardened,Anonymous,3,Illusion,"(1,Common,1)","(1,Common,0)","(1,Common,0)","(1,Common,0)","(1,Common,0)","(1,Common,0)","(1,Common,0)","(1,Common,0)","(1,Uncommon,0)","(1,Uncommon,0)","(1,Uncommon,0)","(1,Uncommon,0)","(1,Rare,0)","(1,Rare,0)","(1,Legendary,0)"
36,Distro,Hardened,Anonymous,4,Renegade,"(1,Common,1)","(1,Common,0)","(1,Common,0)","(1,Common,0)","(1,Common,0)","(1,Common,0)","(1,Common,0)","(1,Common,0)","(1,Uncommon,0)","(1,Uncommon,0)","(1,Uncommon,0)","(1,Uncommon,0)","(1,Rare,0)","(1,Rare,0)","(1,Legendary,0)"
37,Distro,Hardened,Crypto,1,Infinity,"(1,Common,1)","(1,Common,0)","(1,Common,0)","(1,Common,0)","(1,Common,0)","(1,Common,0)","(1,Common,0)","(1,Common,0)","(1,Uncommon,0)","(1,Uncommon,0)","(1,Uncommon,0)","(1,Uncommon,0)","(1,Rare,0)","(1,Rare,0)","(1,Legendary,0)"
38,Distro,Hardened,Crypto,2,Lightspeed,"(1,Common,1)","(1,Common,0)","(1,Common,0)","(1,Common,0)","(1,Common,0)","(1,Common,0)","(1,Common,0)","(1,Common,0)","(1,Uncommon,0)","(1,Uncommon,0)","(1,Uncommon,0)","(1,Uncommon,0)","(1,Rare,0)","(1,Rare,0)","(1,Legendary,0)"
39,Distro,Hardened,Crypto,3,Paradox,"(1,Common,1)","(1,Common,0)","(1,Common,0)","(1,Common,0)","(1,Common,0)","(1,Common,0)","(1,Common,0)","(1,Common,0)","(1,Uncommon,0)","(1,Uncommon,0)","(1,Uncommon,0)","(1,Uncommon,0)","(1,Rare,0)","(1,Rare,0)","(1,Legendary,0)"
40,Distro,Hardened,Crypto,4,Quantum,"(1,Common,1)","(1,Common,0)","(1,Common,0)","(1,Common,0)","(1,Common,0)","(1,Common,0)","(1,Common,0)","(1,Common,0)","(1,Uncommon,0)","(1,Uncommon,0)","(1,Uncommon,0)","(1,Uncommon,0)","(1,Rare,0)","(1,Rare,0)","(1,Legendary,0)"
41,Distro,Hardened,Government,1,Emerald,"(1,Common,1)","(1,Common,0)","(1,Common,0)","(1,Common,0)","(1,Common,0)","(1,Common,0)","(1,Common,0)","(1,Common,0)","(1,Uncommon,0)","(1,Uncommon,0)","(1,Uncommon,0)","(1,Uncommon,0)","(1,Rare,0)","(1,Rare,0)","(1,Legendary,0)"
42,Distro,Hardened,Government,2,Khepri,"(1,Common,1)","(1,Common,0)","(1,Common,0)","(1,Common,0)","(1,Common,0)","(1,Common,0)","(1,Common,0)","(1,Common,0)","(1,Uncommon,0)","(1,Uncommon,0)","(1,Uncommon,0)","(1,Uncommon,0)","(1,Rare,0)","(1,Rare,0)","(1,Legendary,0)"
43,Distro,Hardened,Government,3,Majestic,"(1,Common,1)","(1,Common,0)","(1,Common,0)","(1,Common,0)","(1,Common,0)","(1,Common,0)","(1,Common,0)","(1,Common,0)","(1,Uncommon,0)","(1,Uncommon,0)","(1,Uncommon,0)","(1,Uncommon,0)","(1,Rare,0)","(1,Rare,0)","(1,Legendary,0)"
44,Distro,Hardened,Government,4,Obsidian,"(1,Common,1)","(1,Common,0)","(1,Common,0)","(1,Common,0)","(1,Common,0)","(1,Common,0)","(1,Common,0)","(1,Common,0)","(1,Uncommon,0)","(1,Uncommon,0)","(1,Uncommon,0)","(1,Uncommon,0)","(1,Rare,0)","(1,Rare,0)","(1,Legendary,0)"
45,Distro,Hardened,Industry,1,Guardian,"(1,Common,1)","(1,Common,0)","(1,Common,0)","(1,Common,0)","(1,Common,0)","(1,Common,0)","(1,Common,0)","(1,Common,0)","(1,Uncommon,0)","(1,Uncommon,0)","(1,Uncommon,0)","(1,Uncommon,0)","(1,Rare,0)","(1,Rare,0)","(1,Legendary,0)"
46,Distro,Hardened,Industry,2,Hermitage,"(1,Common,1)","(1,Common,0)","(1,Common,0)","(1,Common,0)","(1,Common,0)","(1,Common,0)","(1,Common,0)","(1,Common,0)","(1,Uncommon,0)","(1,Uncommon,0)","(1,Uncommon,0)","(1,Uncommon,0)","(1,Rare,0)","(1,Rare,0)","(1,Legendary,0)"
47,Distro,Hardened,Industry,3,Terraforming,"(1,Common,1)","(1,Common,0)","(1,Common,0)","(1,Common,0)","(1,Common,0)","(1,Common,0)","(1,Common,0)","(1,Common,0)","(1,Uncommon,0)","(1,Uncommon,0)","(1,Uncommon,0)","(1,Uncommon,0)","(1,Rare,0)","(1,Rare,0)","(1,Legendary,0)"
48,Distro,Hardened,Industry,4,Vortex,"(1,Common,1)","(1,Common,0)","(1,Common,0)","(1,Common,0)","(1,Common,0)","(1,Common,0)","(1,Common,0)","(1,Common,0)","(1,Uncommon,0)","(1,Uncommon,0)","(1,Uncommon,0)","(1,Uncommon,0)","(1,Rare,0)","(1,Rare,0)","(1,Legendary,0)"
49,Distro,Restricted,Access,1,Forbidden City,"(1,Common,1)","(1,Common,0)","(1,Common,0)","(1,Common,0)","(1,Common,0)","(1,Common,0)","(1,Common,0)","(1,Common,0)","(1,Uncommon,0)","(1,Uncommon,0)","(1,Uncommon,0)","(1,Uncommon,0)","(1,Rare,0)","(1,Rare,0)","(1,Legendary,0)"
50,Distro,Restricted,Access,2,Lost Horizon,"(1,Common,1)","(1,Common,0)","(1,Common,0)","(1,Common,0)","(1,Common,0)","(1,Common,0)","(1,Common,0)","(1,Common,0)","(1,Uncommon,0)","(1,Uncommon,0)","(1,Uncommon,0)","(1,Uncommon,0)","(1,Rare,0)","(1,Rare,0)","(1,Legendary,0)"
51,Distro,Restricted,Access,3,Nirvana,"(1,Common,1)","(1,Common,0)","(1,Common,0)","(1,Common,0)","(1,Common,0)","(1,Common,0)","(1,Common,0)","(1,Common,0)","(1,Uncommon,0)","(1,Uncommon,0)","(1,Uncommon,0)","(1,Uncommon,0)","(1,Rare,0)","(1,Rare,0)","(1,Legendary,0)"
52,Distro,Restricted,Access,4,Wonderland,"(1,Common,1)","(1,Common,0)","(1,Common,0)","(1,Common,0)","(1,Common,0)","(1,Common,0)","(1,Common,0)","(1,Common,0)","(1,Uncommon,0)","(1,Uncommon,0)","(1,Uncommon,0)","(1,Uncommon,0)","(1,Rare,0)","(1,Rare,0)","(1,Legendary,0)"
53,Distro,Restricted,Distribution,1,Hakim,"(1,Common,1)","(1,Common,0)","(1,Common,0)","(1,Common,0)","(1,Common,0)","(1,Common,0)","(1,Common,0)","(1,Common,0)","(1,Uncommon,0)","(1,Uncommon,0)","(1,Uncommon,0)","(1,Uncommon,0)","(1,Rare,0)","(1,Rare,0)","(1,Legendary,0)"
54,Distro,Restricted,Distribution,2,Minotaur,"(1,Common,1)","(1,Common,0)","(1,Common,0)","(1,Common,0)","(1,Common,0)","(1,Common,0)","(1,Common,0)","(1,Common,0)","(1,Uncommon,0)","(1,Uncommon,0)","(1,Uncommon,0)","(1,Uncommon,0)","(1,Rare,0)","(1,Rare,0)","(1,Legendary,0)"
55,Distro,Restricted,Distribution,3,Mythos,"(1,Common,1)","(1,Common,0)","(1,Common,0)","(1,Common,0)","(1,Common,0)","(1,Common,0)","(1,Common,0)","(1,Common,0)","(1,Uncommon,0)","(1,Uncommon,0)","(1,Uncommon,0)","(1,Uncommon,0)","(1,Rare,0)","(1,Rare,0)","(1,Legendary,0)"
56,Distro,Restricted,Distribution,4,Olympus,"(1,Common,1)","(1,Common,0)","(1,Common,0)","(1,Common,0)","(1,Common,0)","(1,Common,0)","(1,Common,0)","(1,Common,0)","(1,Uncommon,0)","(1,Uncommon,0)","(1,Uncommon,0)","(1,Uncommon,0)","(1,Rare,0)","(1,Rare,0)","(1,Legendary,0)"
57,Distro,Restricted,Install,1,Golem,"(1,Common,1)","(1,Common,0)","(1,Common,0)","(1,Common,0)","(1,Common,0)","(1,Common,0)","(1,Common,0)","(1,Common,0)","(1,Uncommon,0)","(1,Uncommon,0)","(1,Uncommon,0)","(1,Uncommon,0)","(1,Rare,0)","(1,Rare,0)","(1,Legendary,0)"
58,Distro,Restricted,Install,2,Magellan,"(1,Common,1)","(1,Common,0)","(1,Common,0)","(1,Common,0)","(1,Common,0)","(1,Common,0)","(1,Common,0)","(1,Common,0)","(1,Uncommon,0)","(1,Uncommon,0)","(1,Uncommon,0)","(1,Uncommon,0)","(1,Rare,0)","(1,Rare,0)","(1,Legendary,0)"
60,Distro,Restricted,Install,4,Sanctuary,"(1,Common,1)","(1,Common,0)","(1,Common,0)","(1,Common,0)","(1,Common,0)","(1,Common,0)","(1,Common,0)","(1,Common,0)","(1,Uncommon,0)","(1,Uncommon,0)","(1,Uncommon,0)","(1,Uncommon,0)","(1,Rare,0)","(1,Rare,0)","(1,Legendary,0)"
61,Distro,Restricted,Use,1,Eternity,"(1,Common,1)","(1,Common,0)","(1,Common,0)","(1,Common,0)","(1,Common,0)","(1,Common,0)","(1,Common,0)","(1,Common,0)","(1,Uncommon,0)","(1,Uncommon,0)","(1,Uncommon,0)","(1,Uncommon,0)","(1,Rare,0)","(1,Rare,0)","(1,Legendary,0)"
62,Distro,Restricted,Use,2,Genesis,"(1,Common,1)","(1,Common,0)","(1,Common,0)","(1,Common,0)","(1,Common,0)","(1,Common,0)","(1,Common,0)","(1,Common,0)","(1,Uncommon,0)","(1,Uncommon,0)","(1,Uncommon,0)","(1,Uncommon,0)","(1,Rare,0)","(1,Rare,0)","(1,Legendary,0)"
63,Distro,Restricted,Use,3,Harmony,"(1,Common,1)","(1,Common,0)","(1,Common,0)","(1,Common,0)","(1,Common,0)","(1,Common,0)","(1,Common,0)","(1,Common,0)","(1,Uncommon,0)","(1,Uncommon,0)","(1,Uncommon,0)","(1,Uncommon,0)","(1,Rare,0)","(1,Rare,0)","(1,Legendary,0)"
64,Distro,Restricted,Use,4,Miracle,"(1,Common,1)","(1,Common,0)","(1,Common,0)","(1,Common,0)","(1,Common,0)","(1,Common,0)","(1,Common,0)","(1,Common,0)","(1,Uncommon,0)","(1,Uncommon,0)","(1,Uncommon,0)","(1,Uncommon,0)","(1,Rare,0)","(1,Rare,0)","(1,Legendary,0)"
65,Institution,Academic,CompSci,1,Cairo University,"(1,Common,1)","(1,Common,0)","(1,Common,0)","(1,Common,0)","(1,Common,0)","(1,Common,0)","(1,Common,0)","(1,Common,0)","(1,Uncommon,0)","(1,Uncommon,0)","(1,Uncommon,0)","(1,Uncommon,0)","(1,Rare,0)","(1,Rare,0)","(1,Legendary,0)"
66,Institution,Academic,CompSci,3,Drexel,"(1,Common,1)","(1,Common,0)","(1,Common,0)","(1,Common,0)","(1,Common,0)","(1,Common,0)","(1,Common,0)","(1,Common,0)","(1,Uncommon,0)","(1,Uncommon,0)","(1,Uncommon,0)","(1,Uncommon,0)","(1,Rare,0)","(1,Rare,0)","(1,Legendary,0)"
67,Institution,Academic,CompSci,2,Tsinghua University,"(1,Common,1)","(1,Common,0)","(1,Common,0)","(1,Common,0)","(1,Common,0)","(1,Common,0)","(1,Common,0)","(1,Common,0)","(1,Uncommon,0)","(1,Uncommon,0)","(1,Uncommon,0)","(1,Uncommon,0)","(1,Rare,0)","(1,Rare,0)","(1,Legendary,0)"
68,Institution,Academic,CompSci,4,TU Berlin,"(1,Common,1)","(1,Common,0)","(1,Common,0)","(1,Common,0)","(1,Common,0)","(1,Common,0)","(1,Common,0)","(1,Common,0)","(1,Uncommon,0)","(1,Uncommon,0)","(1,Uncommon,0)","(1,Uncommon,0)","(1,Rare,0)","(1,Rare,0)","(1,Legendary,0)"
69,Institution,Academic,Cybernetics,1,Cornell,"(1,Common,1)","(1,Common,0)","(1,Common,0)","(1,Common,0)","(1,Common,0)","(1,Common,0)","(1,Common,0)","(1,Common,0)","(1,Uncommon,0)","(1,Uncommon,0)","(1,Uncommon,0)","(1,Uncommon,0)","(1,Rare,0)","(1,Rare,0)","(1,Legendary,0)"
70,Institution,Academic,Cybernetics,2,Donders Institute,"(1,Common,1)","(1,Common,0)","(1,Common,0)","(1,Common,0)","(1,Common,0)","(1,Common,0)","(1,Common,0)","(1,Common,0)","(1,Uncommon,0)","(1,Uncommon,0)","(1,Uncommon,0)","(1,Uncommon,0)","(1,Rare,0)","(1,Rare,0)","(1,Legendary,0)"
71,Institution,Academic,Cybernetics,3,University of Tokyo,"(1,Common,1)","(1,Common,0)","(1,Common,0)","(1,Common,0)","(1,Common,0)","(1,Common,0)","(1,Common,0)","(1,Common,0)","(1,Uncommon,0)","(1,Uncommon,0)","(1,Uncommon,0)","(1,Uncommon,0)","(1,Rare,0)","(1,Rare,0)","(1,Legendary,0)"
72,Institution,Academic,Cybernetics,4,Zagazig University,"(1,Common,1)","(1,Common,0)","(1,Common,0)","(1,Common,0)","(1,Common,0)","(1,Common,0)","(1,Common,0)","(1,Common,0)","(1,Uncommon,0)","(1,Uncommon,0)","(1,Uncommon,0)","(1,Uncommon,0)","(1,Rare,0)","(1,Rare,0)","(1,Legendary,0)"
73,Institution,Academic,Engineering,1,EPFL,"(1,Common,1)","(1,Common,0)","(1,Common,0)","(1,Common,0)","(1,Common,0)","(1,Common,0)","(1,Common,0)","(1,Common,0)","(1,Uncommon,0)","(1,Uncommon,0)","(1,Uncommon,0)","(1,Uncommon,0)","(1,Rare,0)","(1,Rare,0)","(1,Legendary,0)"
74,Institution,Academic,Engineering,2,MIT,"(1,Common,1)","(1,Common,0)","(1,Common,0)","(1,Common,0)","(1,Common,0)","(1,Common,0)","(1,Common,0)","(1,Common,0)","(1,Uncommon,0)","(1,Uncommon,0)","(1,Uncommon,0)","(1,Uncommon,0)","(1,Rare,0)","(1,Rare,0)","(1,Legendary,0)"
75,Institution,Academic,Engineering,3,Nanyang Technological,"(1,Common,1)","(1,Common,0)","(1,Common,0)","(1,Common,0)","(1,Common,0)","(1,Common,0)","(1,Common,0)","(1,Common,0)","(1,Uncommon,0)","(1,Uncommon,0)","(1,Uncommon,0)","(1,Uncommon,0)","(1,Rare,0)","(1,Rare,0)","(1,Legendary,0)"
76,Institution,Academic,Engineering,4,Universite de Sfax,"(1,Common,1)","(1,Common,0)","(1,Common,0)","(1,Common,0)","(1,Common,0)","(1,Common,0)","(1,Common,0)","(1,Common,0)","(1,Uncommon,0)","(1,Uncommon,0)","(1,Uncommon,0)","(1,Uncommon,0)","(1,Rare,0)","(1,Rare,0)","(1,Legendary,0)"
77,Institution,Academic,Theoretical,1,KAIST,"(1,Common,1)","(1,Common,0)","(1,Common,0)","(1,Common,0)","(1,Common,0)","(1,Common,0)","(1,Common,0)","(1,Common,0)","(1,Uncommon,0)","(1,Uncommon,0)","(1,Uncommon,0)","(1,Uncommon,0)","(1,Rare,0)","(1,Rare,0)","(1,Legendary,0)"
78,Institution,Academic,Theoretical,2,National Research Centre,"(1,Common,1)","(1,Common,0)","(1,Common,0)","(1,Common,0)","(1,Common,0)","(1,Common,0)","(1,Common,0)","(1,Common,0)","(1,Uncommon,0)","(1,Uncommon,0)","(1,Uncommon,0)","(1,Uncommon,0)","(1,Rare,0)","(1,Rare,0)","(1,Legendary,0)"
79,Institution,Academic,Theoretical,3,Sorbonne,"(1,Common,1)","(1,Common,0)","(1,Common,0)","(1,Common,0)","(1,Common,0)","(1,Common,0)","(1,Common,0)","(1,Common,0)","(1,Uncommon,0)","(1,Uncommon,0)","(1,Uncommon,0)","(1,Uncommon,0)","(1,Rare,0)","(1,Rare,0)","(1,Legendary,0)"
80,Institution,Academic,Theoretical,4,UC Berkeley,"(1,Common,1)","(1,Common,0)","(1,Common,0)","(1,Common,0)","(1,Common,0)","(1,Common,0)","(1,Common,0)","(1,Common,0)","(1,Uncommon,0)","(1,Uncommon,0)","(1,Uncommon,0)","(1,Uncommon,0)","(1,Rare,0)","(1,Rare,0)","(1,Legendary,0)"
81,Institution,Bureaucratic,Africa,1,GIS Egypt,"(1,Common,1)","(1,Common,0)","(1,Common,0)","(1,Common,0)","(1,Common,0)","(1,Common,0)","(1,Common,0)","(1,Common,0)","(1,Uncommon,0)","(1,Uncommon,0)","(1,Uncommon,0)","(1,Uncommon,0)","(1,Rare,0)","(1,Rare,0)","(1,Legendary,0)"
82,Institution,Bureaucratic,Africa,2,NITDA,"(1,Common,1)","(1,Common,0)","(1,Common,0)","(1,Common,0)","(1,Common,0)","(1,Common,0)","(1,Common,0)","(1,Common,0)","(1,Uncommon,0)","(1,Uncommon,0)","(1,Uncommon,0)","(1,Uncommon,0)","(1,Rare,0)","(1,Rare,0)","(1,Legendary,0)"
83,Institution,Bureaucratic,Africa,3,NRF | SAASTA,"(1,Common,1)","(1,Common,0)","(1,Common,0)","(1,Common,0)","(1,Common,0)","(1,Common,0)","(1,Common,0)","(1,Common,0)","(1,Uncommon,0)","(1,Uncommon,0)","(1,Uncommon,0)","(1,Uncommon,0)","(1,Rare,0)","(1,Rare,0)","(1,Legendary,0)"
84,Institution,Bureaucratic,Africa,4,SITA,"(1,Common,1)","(1,Common,0)","(1,Common,0)","(1,Common,0)","(1,Common,0)","(1,Common,0)","(1,Common,0)","(1,Common,0)","(1,Uncommon,0)","(1,Uncommon,0)","(1,Uncommon,0)","(1,Uncommon,0)","(1,Rare,0)","(1,Rare,0)","(1,Legendary,0)"
85,Institution,Bureaucratic,Americas,1,CISA,"(1,Common,1)","(1,Common,0)","(1,Common,0)","(1,Common,0)","(1,Common,0)","(1,Common,0)","(1,Common,0)","(1,Common,0)","(1,Uncommon,0)","(1,Uncommon,0)","(1,Uncommon,0)","(1,Uncommon,0)","(1,Rare,0)","(1,Rare,0)","(1,Legendary,0)"
86,Institution,Bureaucratic,Americas,2,FINEP Brasil,"(1,Common,1)","(1,Common,0)","(1,Common,0)","(1,Common,0)","(1,Common,0)","(1,Common,0)","(1,Common,0)","(1,Common,0)","(1,Uncommon,0)","(1,Uncommon,0)","(1,Uncommon,0)","(1,Uncommon,0)","(1,Rare,0)","(1,Rare,0)","(1,Legendary,0)"
87,Institution,Bureaucratic,Americas,3,NIST,"(1,Common,1)","(1,Common,0)","(1,Common,0)","(1,Common,0)","(1,Common,0)","(1,Common,0)","(1,Common,0)","(1,Common,0)","(1,Uncommon,0)","(1,Uncommon,0)","(1,Uncommon,0)","(1,Uncommon,0)","(1,Rare,0)","(1,Rare,0)","(1,Legendary,0)"
88,Institution,Bureaucratic,Americas,4,Synco II,"(1,Common,1)","(1,Common,0)","(1,Common,0)","(1,Common,0)","(1,Common,0)","(1,Common,0)","(1,Common,0)","(1,Common,0)","(1,Uncommon,0)","(1,Uncommon,0)","(1,Uncommon,0)","(1,Uncommon,0)","(1,Rare,0)","(1,Rare,0)","(1,Legendary,0)"
89,Institution,Bureaucratic,Asia,1,CAC,"(1,Common,1)","(1,Common,0)","(1,Common,0)","(1,Common,0)","(1,Common,0)","(1,Common,0)","(1,Common,0)","(1,Common,0)","(1,Uncommon,0)","(1,Uncommon,0)","(1,Uncommon,0)","(1,Uncommon,0)","(1,Rare,0)","(1,Rare,0)","(1,Legendary,0)"
90,Institution,Bureaucratic,Asia,2,KISA,"(1,Common,1)","(1,Common,0)","(1,Common,0)","(1,Common,0)","(1,Common,0)","(1,Common,0)","(1,Common,0)","(1,Common,0)","(1,Uncommon,0)","(1,Uncommon,0)","(1,Uncommon,0)","(1,Uncommon,0)","(1,Rare,0)","(1,Rare,0)","(1,Legendary,0)"
91,Institution,Bureaucratic,Asia,3,NACS,"(1,Common,1)","(1,Common,0)","(1,Common,0)","(1,Common,0)","(1,Common,0)","(1,Common,0)","(1,Common,0)","(1,Common,0)","(1,Uncommon,0)","(1,Uncommon,0)","(1,Uncommon,0)","(1,Uncommon,0)","(1,Rare,0)","(1,Rare,0)","(1,Legendary,0)"
92,Institution,Bureaucratic,Asia,4,NLI,"(1,Common,1)","(1,Common,0)","(1,Common,0)","(1,Common,0)","(1,Common,0)","(1,Common,0)","(1,Common,0)","(1,Common,0)","(1,Uncommon,0)","(1,Uncommon,0)","(1,Uncommon,0)","(1,Uncommon,0)","(1,Rare,0)","(1,Rare,0)","(1,Legendary,0)"
93,Institution,Bureaucratic,EU,1,CERT,"(1,Common,1)","(1,Common,0)","(1,Common,0)","(1,Common,0)","(1,Common,0)","(1,Common,0)","(1,Common,0)","(1,Common,0)","(1,Uncommon,0)","(1,Uncommon,0)","(1,Uncommon,0)","(1,Uncommon,0)","(1,Rare,0)","(1,Rare,0)","(1,Legendary,0)"
94,Institution,Bureaucratic,EU,2,ENISA,"(1,Common,1)","(1,Common,0)","(1,Common,0)","(1,Common,0)","(1,Common,0)","(1,Common,0)","(1,Common,0)","(1,Common,0)","(1,Uncommon,0)","(1,Uncommon,0)","(1,Uncommon,0)","(1,Uncommon,0)","(1,Rare,0)","(1,Rare,0)","(1,Legendary,0)"
95,Institution,Bureaucratic,EU,3,NKP,"(1,Common,1)","(1,Common,0)","(1,Common,0)","(1,Common,0)","(1,Common,0)","(1,Common,0)","(1,Common,0)","(1,Common,0)","(1,Uncommon,0)","(1,Uncommon,0)","(1,Uncommon,0)","(1,Uncommon,0)","(1,Rare,0)","(1,Rare,0)","(1,Legendary,0)"
96,Institution,Bureaucratic,EU,4,VNIIPAS-B,"(1,Common,1)","(1,Common,0)","(1,Common,0)","(1,Common,0)","(1,Common,0)","(1,Common,0)","(1,Common,0)","(1,Common,0)","(1,Uncommon,0)","(1,Uncommon,0)","(1,Uncommon,0)","(1,Uncommon,0)","(1,Rare,0)","(1,Rare,0)","(1,Legendary,0)"
97,Institution,Corporate,Consumer,1,Akala Brands,"(1,Common,1)","(1,Common,0)","(1,Common,0)","(1,Common,0)","(1,Common,0)","(1,Common,0)","(1,Common,0)","(1,Common,0)","(1,Uncommon,0)","(1,Uncommon,0)","(1,Uncommon,0)","(1,Uncommon,0)","(1,Rare,0)","(1,Rare,0)","(1,Legendary,0)"
98,Institution,Corporate,Consumer,2,Njala Corp,"(1,Common,1)","(1,Common,0)","(1,Common,0)","(1,Common,0)","(1,Common,0)","(1,Common,0)","(1,Common,0)","(1,Common,0)","(1,Uncommon,0)","(1,Uncommon,0)","(1,Uncommon,0)","(1,Uncommon,0)","(1,Rare,0)","(1,Rare,0)","(1,Legendary,0)"
99,Institution,Corporate,Consumer,3,Olsgolon PLC,"(1,Common,1)","(1,Common,0)","(1,Common,0)","(1,Common,0)","(1,Common,0)","(1,Common,0)","(1,Common,0)","(1,Common,0)","(1,Uncommon,0)","(1,Uncommon,0)","(1,Uncommon,0)","(1,Uncommon,0)","(1,Rare,0)","(1,Rare,0)","(1,Legendary,0)"
100,Institution,Corporate,Consumer,4,Shim Shi Li,"(1,Common,1)","(1,Common,0)","(1,Common,0)","(1,Common,0)","(1,Common,0)","(1,Common,0)","(1,Common,0)","(1,Common,0)","(1,Uncommon,0)","(1,Uncommon,0)","(1,Uncommon,0)","(1,Uncommon,0)","(1,Rare,0)","(1,Rare,0)","(1,Legendary,0)"
101,Institution,Corporate,Entertainment,1,ATI Pay,"(1,Common,1)","(1,Common,0)","(1,Common,0)","(1,Common,0)","(1,Common,0)","(1,Common,0)","(1,Common,0)","(1,Common,0)","(1,Uncommon,0)","(1,Uncommon,0)","(1,Uncommon,0)","(1,Uncommon,0)","(1,Rare,0)","(1,Rare,0)","(1,Legendary,0)"
102,Institution,Corporate,Entertainment,2,CONCAS,"(1,Common,1)","(1,Common,0)","(1,Common,0)","(1,Common,0)","(1,Common,0)","(1,Common,0)","(1,Common,0)","(1,Common,0)","(1,Uncommon,0)","(1,Uncommon,0)","(1,Uncommon,0)","(1,Uncommon,0)","(1,Rare,0)","(1,Rare,0)","(1,Legendary,0)"
103,Institution,Corporate,Entertainment,3,Mmeri,"(1,Common,1)","(1,Common,0)","(1,Common,0)","(1,Common,0)","(1,Common,0)","(1,Common,0)","(1,Common,0)","(1,Common,0)","(1,Uncommon,0)","(1,Uncommon,0)","(1,Uncommon,0)","(1,Uncommon,0)","(1,Rare,0)","(1,Rare,0)","(1,Legendary,0)"
104,Institution,Corporate,Entertainment,4,Ukoyisa Productions,"(1,Common,1)","(1,Common,0)","(1,Common,0)","(1,Common,0)","(1,Common,0)","(1,Common,0)","(1,Common,0)","(1,Common,0)","(1,Uncommon,0)","(1,Uncommon,0)","(1,Uncommon,0)","(1,Uncommon,0)","(1,Rare,0)","(1,Rare,0)","(1,Legendary,0)"
105,Institution,Corporate,Industrial,1,Kamatayon GmbH,"(1,Common,1)","(1,Common,0)","(1,Common,0)","(1,Common,0)","(1,Common,0)","(1,Common,0)","(1,Common,0)","(1,Common,0)","(1,Uncommon,0)","(1,Uncommon,0)","(1,Uncommon,0)","(1,Uncommon,0)","(1,Rare,0)","(1,Rare,0)","(1,Legendary,0)"
106,Institution,Corporate,Industrial,2,Navi Systems,"(1,Common,1)","(1,Common,0)","(1,Common,0)","(1,Common,0)","(1,Common,0)","(1,Common,0)","(1,Common,0)","(1,Common,0)","(1,Uncommon,0)","(1,Uncommon,0)","(1,Uncommon,0)","(1,Uncommon,0)","(1,Rare,0)","(1,Rare,0)","(1,Legendary,0)"
107,Institution,Corporate,Industrial,3,LiWA,"(1,Common,1)","(1,Common,0)","(1,Common,0)","(1,Common,0)","(1,Common,0)","(1,Common,0)","(1,Common,0)","(1,Common,0)","(1,Uncommon,0)","(1,Uncommon,0)","(1,Uncommon,0)","(1,Uncommon,0)","(1,Rare,0)","(1,Rare,0)","(1,Legendary,0)"
108,Institution,Corporate,Industrial,4,SMRT Tech,"(1,Common,1)","(1,Common,0)","(1,Common,0)","(1,Common,0)","(1,Common,0)","(1,Common,0)","(1,Common,0)","(1,Common,0)","(1,Uncommon,0)","(1,Uncommon,0)","(1,Uncommon,0)","(1,Uncommon,0)","(1,Rare,0)","(1,Rare,0)","(1,Legendary,0)"
109,Institution,Corporate,Military,1,Olutalo,"(1,Common,1)","(1,Common,0)","(1,Common,0)","(1,Common,0)","(1,Common,0)","(1,Common,0)","(1,Common,0)","(1,Common,0)","(1,Uncommon,0)","(1,Uncommon,0)","(1,Uncommon,0)","(1,Uncommon,0)","(1,Rare,0)","(1,Rare,0)","(1,Legendary,0)"
110,Institution,Corporate,Military,2,NTOA,"(1,Common,1)","(1,Common,0)","(1,Common,0)","(1,Common,0)","(1,Common,0)","(1,Common,0)","(1,Common,0)","(1,Common,0)","(1,Uncommon,0)","(1,Uncommon,0)","(1,Uncommon,0)","(1,Uncommon,0)","(1,Rare,0)","(1,Rare,0)","(1,Legendary,0)"
111,Institution,Corporate,Military,3,Gubat,"(1,Common,1)","(1,Common,0)","(1,Common,0)","(1,Common,0)","(1,Common,0)","(1,Common,0)","(1,Common,0)","(1,Common,0)","(1,Uncommon,0)","(1,Uncommon,0)","(1,Uncommon,0)","(1,Uncommon,0)","(1,Rare,0)","(1,Rare,0)","(1,Legendary,0)"
112,Institution,Corporate,Military,4,Sota,"(1,Common,1)","(1,Common,0)","(1,Common,0)","(1,Common,0)","(1,Common,0)","(1,Common,0)","(1,Common,0)","(1,Common,0)","(1,Uncommon,0)","(1,Uncommon,0)","(1,Uncommon,0)","(1,Uncommon,0)","(1,Rare,0)","(1,Rare,0)","(1,Legendary,0)"
113,Institution,Decentralized,Activist,1,Green Earth,"(1,Common,1)","(1,Common,0)","(1,Common,0)","(1,Common,0)","(1,Common,0)","(1,Common,0)","(1,Common,0)","(1,Common,0)","(1,Uncommon,0)","(1,Uncommon,0)","(1,Uncommon,0)","(1,Uncommon,0)","(1,Rare,0)","(1,Rare,0)","(1,Legendary,0)"
114,Institution,Decentralized,Activist,2,KeepTrack,"(1,Common,1)","(1,Common,0)","(1,Common,0)","(1,Common,0)","(1,Common,0)","(1,Common,0)","(1,Common,0)","(1,Common,0)","(1,Uncommon,0)","(1,Uncommon,0)","(1,Uncommon,0)","(1,Uncommon,0)","(1,Rare,0)","(1,Rare,0)","(1,Legendary,0)"
115,Institution,Decentralized,Activist,3,NetFree,"(1,Common,1)","(1,Common,0)","(1,Common,0)","(1,Common,0)","(1,Common,0)","(1,Common,0)","(1,Common,0)","(1,Common,0)","(1,Uncommon,0)","(1,Uncommon,0)","(1,Uncommon,0)","(1,Uncommon,0)","(1,Rare,0)","(1,Rare,0)","(1,Legendary,0)"
116,Institution,Decentralized,Activist,4,ReNu,"(1,Common,1)","(1,Common,0)","(1,Common,0)","(1,Common,0)","(1,Common,0)","(1,Common,0)","(1,Common,0)","(1,Common,0)","(1,Uncommon,0)","(1,Uncommon,0)","(1,Uncommon,0)","(1,Uncommon,0)","(1,Rare,0)","(1,Rare,0)","(1,Legendary,0)"
117,Institution,Decentralized,Enthusiast,1,AncesTree,"(1,Common,1)","(1,Common,0)","(1,Common,0)","(1,Common,0)","(1,Common,0)","(1,Common,0)","(1,Common,0)","(1,Common,0)","(1,Uncommon,0)","(1,Uncommon,0)","(1,Uncommon,0)","(1,Uncommon,0)","(1,Rare,0)","(1,Rare,0)","(1,Legendary,0)"
118,Institution,Decentralized,Enthusiast,2,Mod Central,"(1,Common,1)","(1,Common,0)","(1,Common,0)","(1,Common,0)","(1,Common,0)","(1,Common,0)","(1,Common,0)","(1,Common,0)","(1,Uncommon,0)","(1,Uncommon,0)","(1,Uncommon,0)","(1,Uncommon,0)","(1,Rare,0)","(1,Rare,0)","(1,Legendary,0)"
119,Institution,Decentralized,Enthusiast,3,Overclox,"(1,Common,1)","(1,Common,0)","(1,Common,0)","(1,Common,0)","(1,Common,0)","(1,Common,0)","(1,Common,0)","(1,Common,0)","(1,Uncommon,0)","(1,Uncommon,0)","(1,Uncommon,0)","(1,Uncommon,0)","(1,Rare,0)","(1,Rare,0)","(1,Legendary,0)"
120,Institution,Decentralized,Enthusiast,4,The Society,"(1,Common,1)","(1,Common,0)","(1,Common,0)","(1,Common,0)","(1,Common,0)","(1,Common,0)","(1,Common,0)","(1,Common,0)","(1,Uncommon,0)","(1,Uncommon,0)","(1,Uncommon,0)","(1,Uncommon,0)","(1,Rare,0)","(1,Rare,0)","(1,Legendary,0)"
121,Institution,Decentralized,Freelance,1,Automata,"(1,Common,1)","(1,Common,0)","(1,Common,0)","(1,Common,0)","(1,Common,0)","(1,Common,0)","(1,Common,0)","(1,Common,0)","(1,Uncommon,0)","(1,Uncommon,0)","(1,Uncommon,0)","(1,Uncommon,0)","(1,Rare,0)","(1,Rare,0)","(1,Legendary,0)"
122,Institution,Decentralized,Freelance,2,ConTRAC,"(1,Common,1)","(1,Common,0)","(1,Common,0)","(1,Common,0)","(1,Common,0)","(1,Common,0)","(1,Common,0)","(1,Common,0)","(1,Uncommon,0)","(1,Uncommon,0)","(1,Uncommon,0)","(1,Uncommon,0)","(1,Rare,0)","(1,Rare,0)","(1,Legendary,0)"
123,Institution,Decentralized,Freelance,3,GigHello,"(1,Common,1)","(1,Common,0)","(1,Common,0)","(1,Common,0)","(1,Common,0)","(1,Common,0)","(1,Common,0)","(1,Common,0)","(1,Uncommon,0)","(1,Uncommon,0)","(1,Uncommon,0)","(1,Uncommon,0)","(1,Rare,0)","(1,Rare,0)","(1,Legendary,0)"
124,Institution,Decentralized,Freelance,4,Tenure,"(1,Common,1)","(1,Common,0)","(1,Common,0)","(1,Common,0)","(1,Common,0)","(1,Common,0)","(1,Common,0)","(1,Common,0)","(1,Uncommon,0)","(1,Uncommon,0)","(1,Uncommon,0)","(1,Uncommon,0)","(1,Rare,0)","(1,Rare,0)","(1,Legendary,0)"
125,Institution,Decentralized,OpenSource,1,B-Ware,"(1,Common,1)","(1,Common,0)","(1,Common,0)","(1,Common,0)","(1,Common,0)","(1,Common,0)","(1,Common,0)","(1,Common,0)","(1,Uncommon,0)","(1,Uncommon,0)","(1,Uncommon,0)","(1,Uncommon,0)","(1,Rare,0)","(1,Rare,0)","(1,Legendary,0)"
126,Institution,Decentralized,OpenSource,2,FOFA Foundation,"(1,Common,1)","(1,Common,0)","(1,Common,0)","(1,Common,0)","(1,Common,0)","(1,Common,0)","(1,Common,0)","(1,Common,0)","(1,Uncommon,0)","(1,Uncommon,0)","(1,Uncommon,0)","(1,Uncommon,0)","(1,Rare,0)","(1,Rare,0)","(1,Legendary,0)"
127,Institution,Decentralized,OpenSource,3,DistribuNet,"(1,Common,1)","(1,Common,0)","(1,Common,0)","(1,Common,0)","(1,Common,0)","(1,Common,0)","(1,Common,0)","(1,Common,0)","(1,Uncommon,0)","(1,Uncommon,0)","(1,Uncommon,0)","(1,Uncommon,0)","(1,Rare,0)","(1,Rare,0)","(1,Legendary,0)"
128,Institution,Decentralized,OpenSource,4,OpenSesame,"(1,Common,1)","(1,Common,0)","(1,Common,0)","(1,Common,0)","(1,Common,0)","(1,Common,0)","(1,Common,0)","(1,Common,0)","(1,Uncommon,0)","(1,Uncommon,0)","(1,Uncommon,0)","(1,Uncommon,0)","(1,Rare,0)","(1,Rare,0)","(1,Legendary,0)"
59,Distro,Restricted,Install,3,Oasis,"(1,Common,1)","(1,Common,0)","(1,Common,0)","(1,Common,0)","(1,Common,0)","(1,Common,0)","(1,Common,0)","(1,Common,0)","(1,Uncommon,0)","(1,Uncommon,0)","(1,Uncommon,0)","(1,Uncommon,0)","(1,Rare,0)","(1,Rare,0)","(1,Legendary,0)"
129,Location,Office,Campus,1,Cafeteria,"(1,Common,1)","(1,Common,0)","(1,Common,0)","(1,Common,0)","(1,Common,0)","(1,Common,0)","(1,Common,0)","(1,Common,0)","(1,Uncommon,0)","(1,Uncommon,0)","(1,Uncommon,0)","(1,Uncommon,0)","(1,Rare,0)","(1,Rare,0)","(1,Legendary,0)"
130,Location,Office,Campus,2,Company Store,"(1,Common,1)","(1,Common,0)","(1,Common,0)","(1,Common,0)","(1,Common,0)","(1,Common,0)","(1,Common,0)","(1,Common,0)","(1,Uncommon,0)","(1,Uncommon,0)","(1,Uncommon,0)","(1,Uncommon,0)","(1,Rare,0)","(1,Rare,0)","(1,Legendary,0)"
131,Location,Office,Campus,3,Information Booth,"(1,Common,1)","(1,Common,0)","(1,Common,0)","(1,Common,0)","(1,Common,0)","(1,Common,0)","(1,Common,0)","(1,Common,0)","(1,Uncommon,0)","(1,Uncommon,0)","(1,Uncommon,0)","(1,Uncommon,0)","(1,Rare,0)","(1,Rare,0)","(1,Legendary,0)"
132,Location,Office,Campus,4,Parking Structure,"(1,Common,1)","(1,Common,0)","(1,Common,0)","(1,Common,0)","(1,Common,0)","(1,Common,0)","(1,Common,0)","(1,Common,0)","(1,Uncommon,0)","(1,Uncommon,0)","(1,Uncommon,0)","(1,Uncommon,0)","(1,Rare,0)","(1,Rare,0)","(1,Legendary,0)"
133,Location,Office,Ephemeral,1,Coworking Space,"(1,Common,1)","(1,Common,0)","(1,Common,0)","(1,Common,0)","(1,Common,0)","(1,Common,0)","(1,Common,0)","(1,Common,0)","(1,Uncommon,0)","(1,Uncommon,0)","(1,Uncommon,0)","(1,Uncommon,0)","(1,Rare,0)","(1,Rare,0)","(1,Legendary,0)"
134,Location,Office,Ephemeral,2,Open Floor,"(1,Common,1)","(1,Common,0)","(1,Common,0)","(1,Common,0)","(1,Common,0)","(1,Common,0)","(1,Common,0)","(1,Common,0)","(1,Uncommon,0)","(1,Uncommon,0)","(1,Uncommon,0)","(1,Uncommon,0)","(1,Rare,0)","(1,Rare,0)","(1,Legendary,0)"
135,Location,Office,Ephemeral,3,Shared Unit,"(1,Common,1)","(1,Common,0)","(1,Common,0)","(1,Common,0)","(1,Common,0)","(1,Common,0)","(1,Common,0)","(1,Common,0)","(1,Uncommon,0)","(1,Uncommon,0)","(1,Uncommon,0)","(1,Uncommon,0)","(1,Rare,0)","(1,Rare,0)","(1,Legendary,0)"
136,Location,Office,Ephemeral,4,Single Unit,"(1,Common,1)","(1,Common,0)","(1,Common,0)","(1,Common,0)","(1,Common,0)","(1,Common,0)","(1,Common,0)","(1,Common,0)","(1,Uncommon,0)","(1,Uncommon,0)","(1,Uncommon,0)","(1,Uncommon,0)","(1,Rare,0)","(1,Rare,0)","(1,Legendary,0)"
137,Location,Office,Satellite,1,Floating Desk,"(1,Common,1)","(1,Common,0)","(1,Common,0)","(1,Common,0)","(1,Common,0)","(1,Common,0)","(1,Common,0)","(1,Common,0)","(1,Uncommon,0)","(1,Uncommon,0)","(1,Uncommon,0)","(1,Uncommon,0)","(1,Rare,0)","(1,Rare,0)","(1,Legendary,0)"
138,Location,Office,Satellite,2,Kitchenette,"(1,Common,1)","(1,Common,0)","(1,Common,0)","(1,Common,0)","(1,Common,0)","(1,Common,0)","(1,Common,0)","(1,Common,0)","(1,Uncommon,0)","(1,Uncommon,0)","(1,Uncommon,0)","(1,Uncommon,0)","(1,Rare,0)","(1,Rare,0)","(1,Legendary,0)"
139,Location,Office,Satellite,3,Private Room,"(1,Common,1)","(1,Common,0)","(1,Common,0)","(1,Common,0)","(1,Common,0)","(1,Common,0)","(1,Common,0)","(1,Common,0)","(1,Uncommon,0)","(1,Uncommon,0)","(1,Uncommon,0)","(1,Uncommon,0)","(1,Rare,0)","(1,Rare,0)","(1,Legendary,0)"
140,Location,Office,Satellite,4,Reception,"(1,Common,1)","(1,Common,0)","(1,Common,0)","(1,Common,0)","(1,Common,0)","(1,Common,0)","(1,Common,0)","(1,Common,0)","(1,Uncommon,0)","(1,Uncommon,0)","(1,Uncommon,0)","(1,Uncommon,0)","(1,Rare,0)","(1,Rare,0)","(1,Legendary,0)"
141,Location,Office,Tower,1,Assigned Desk,"(1,Common,1)","(1,Common,0)","(1,Common,0)","(1,Common,0)","(1,Common,0)","(1,Common,0)","(1,Common,0)","(1,Common,0)","(1,Uncommon,0)","(1,Uncommon,0)","(1,Uncommon,0)","(1,Uncommon,0)","(1,Rare,0)","(1,Rare,0)","(1,Legendary,0)"
142,Location,Office,Tower,2,Cubicle,"(1,Common,1)","(1,Common,0)","(1,Common,0)","(1,Common,0)","(1,Common,0)","(1,Common,0)","(1,Common,0)","(1,Common,0)","(1,Uncommon,0)","(1,Uncommon,0)","(1,Uncommon,0)","(1,Uncommon,0)","(1,Rare,0)","(1,Rare,0)","(1,Legendary,0)"
143,Location,Office,Tower,3,Meeting Room,"(1,Common,1)","(1,Common,0)","(1,Common,0)","(1,Common,0)","(1,Common,0)","(1,Common,0)","(1,Common,0)","(1,Common,0)","(1,Uncommon,0)","(1,Uncommon,0)","(1,Uncommon,0)","(1,Uncommon,0)","(1,Rare,0)","(1,Rare,0)","(1,Legendary,0)"
144,Location,Office,Tower,4,Office,"(1,Common,1)","(1,Common,0)","(1,Common,0)","(1,Common,0)","(1,Common,0)","(1,Common,0)","(1,Common,0)","(1,Common,0)","(1,Uncommon,0)","(1,Uncommon,0)","(1,Uncommon,0)","(1,Uncommon,0)","(1,Rare,0)","(1,Rare,0)","(1,Legendary,0)"
145,Location,Public,Commercial,1,Dealership,"(1,Common,1)","(1,Common,0)","(1,Common,0)","(1,Common,0)","(1,Common,0)","(1,Common,0)","(1,Common,0)","(1,Common,0)","(1,Uncommon,0)","(1,Uncommon,0)","(1,Uncommon,0)","(1,Uncommon,0)","(1,Rare,0)","(1,Rare,0)","(1,Legendary,0)"
146,Location,Public,Commercial,2,Newsstand,"(1,Common,1)","(1,Common,0)","(1,Common,0)","(1,Common,0)","(1,Common,0)","(1,Common,0)","(1,Common,0)","(1,Common,0)","(1,Uncommon,0)","(1,Uncommon,0)","(1,Uncommon,0)","(1,Uncommon,0)","(1,Rare,0)","(1,Rare,0)","(1,Legendary,0)"
147,Location,Public,Commercial,3,Print Shop,"(1,Common,1)","(1,Common,0)","(1,Common,0)","(1,Common,0)","(1,Common,0)","(1,Common,0)","(1,Common,0)","(1,Common,0)","(1,Uncommon,0)","(1,Uncommon,0)","(1,Uncommon,0)","(1,Uncommon,0)","(1,Rare,0)","(1,Rare,0)","(1,Legendary,0)"
148,Location,Public,Commercial,4,Shipping Center,"(1,Common,1)","(1,Common,0)","(1,Common,0)","(1,Common,0)","(1,Common,0)","(1,Common,0)","(1,Common,0)","(1,Common,0)","(1,Uncommon,0)","(1,Uncommon,0)","(1,Uncommon,0)","(1,Uncommon,0)","(1,Rare,0)","(1,Rare,0)","(1,Legendary,0)"
149,Location,Public,Education,1,Classroom,"(1,Common,1)","(1,Common,0)","(1,Common,0)","(1,Common,0)","(1,Common,0)","(1,Common,0)","(1,Common,0)","(1,Common,0)","(1,Uncommon,0)","(1,Uncommon,0)","(1,Uncommon,0)","(1,Uncommon,0)","(1,Rare,0)","(1,Rare,0)","(1,Legendary,0)"
150,Location,Public,Education,2,Commons,"(1,Common,1)","(1,Common,0)","(1,Common,0)","(1,Common,0)","(1,Common,0)","(1,Common,0)","(1,Common,0)","(1,Common,0)","(1,Uncommon,0)","(1,Uncommon,0)","(1,Uncommon,0)","(1,Uncommon,0)","(1,Rare,0)","(1,Rare,0)","(1,Legendary,0)"
151,Location,Public,Education,3,Lab,"(1,Common,1)","(1,Common,0)","(1,Common,0)","(1,Common,0)","(1,Common,0)","(1,Common,0)","(1,Common,0)","(1,Common,0)","(1,Uncommon,0)","(1,Uncommon,0)","(1,Uncommon,0)","(1,Uncommon,0)","(1,Rare,0)","(1,Rare,0)","(1,Legendary,0)"
152,Location,Public,Education,4,Study Hall,"(1,Common,1)","(1,Common,0)","(1,Common,0)","(1,Common,0)","(1,Common,0)","(1,Common,0)","(1,Common,0)","(1,Common,0)","(1,Uncommon,0)","(1,Uncommon,0)","(1,Uncommon,0)","(1,Uncommon,0)","(1,Rare,0)","(1,Rare,0)","(1,Legendary,0)"
153,Location,Public,Hospitality,1,Coffee Shop,"(1,Common,1)","(1,Common,0)","(1,Common,0)","(1,Common,0)","(1,Common,0)","(1,Common,0)","(1,Common,0)","(1,Common,0)","(1,Uncommon,0)","(1,Uncommon,0)","(1,Uncommon,0)","(1,Uncommon,0)","(1,Rare,0)","(1,Rare,0)","(1,Legendary,0)"
154,Location,Public,Hospitality,2,Nightclub,"(1,Common,1)","(1,Common,0)","(1,Common,0)","(1,Common,0)","(1,Common,0)","(1,Common,0)","(1,Common,0)","(1,Common,0)","(1,Uncommon,0)","(1,Uncommon,0)","(1,Uncommon,0)","(1,Uncommon,0)","(1,Rare,0)","(1,Rare,0)","(1,Legendary,0)"
155,Location,Public,Hospitality,3,Restaurant,"(1,Common,1)","(1,Common,0)","(1,Common,0)","(1,Common,0)","(1,Common,0)","(1,Common,0)","(1,Common,0)","(1,Common,0)","(1,Uncommon,0)","(1,Uncommon,0)","(1,Uncommon,0)","(1,Uncommon,0)","(1,Rare,0)","(1,Rare,0)","(1,Legendary,0)"
156,Location,Public,Hospitality,4,Taproom,"(1,Common,1)","(1,Common,0)","(1,Common,0)","(1,Common,0)","(1,Common,0)","(1,Common,0)","(1,Common,0)","(1,Common,0)","(1,Uncommon,0)","(1,Uncommon,0)","(1,Uncommon,0)","(1,Uncommon,0)","(1,Rare,0)","(1,Rare,0)","(1,Legendary,0)"
157,Location,Public,Municipal,1,Bus Stop,"(1,Common,1)","(1,Common,0)","(1,Common,0)","(1,Common,0)","(1,Common,0)","(1,Common,0)","(1,Common,0)","(1,Common,0)","(1,Uncommon,0)","(1,Uncommon,0)","(1,Uncommon,0)","(1,Uncommon,0)","(1,Rare,0)","(1,Rare,0)","(1,Legendary,0)"
158,Location,Public,Municipal,2,City Park,"(1,Common,1)","(1,Common,0)","(1,Common,0)","(1,Common,0)","(1,Common,0)","(1,Common,0)","(1,Common,0)","(1,Common,0)","(1,Uncommon,0)","(1,Uncommon,0)","(1,Uncommon,0)","(1,Uncommon,0)","(1,Rare,0)","(1,Rare,0)","(1,Legendary,0)"
159,Location,Public,Municipal,3,Library,"(1,Common,1)","(1,Common,0)","(1,Common,0)","(1,Common,0)","(1,Common,0)","(1,Common,0)","(1,Common,0)","(1,Common,0)","(1,Uncommon,0)","(1,Uncommon,0)","(1,Uncommon,0)","(1,Uncommon,0)","(1,Rare,0)","(1,Rare,0)","(1,Legendary,0)"
160,Location,Public,Municipal,4,Tourist Area,"(1,Common,1)","(1,Common,0)","(1,Common,0)","(1,Common,0)","(1,Common,0)","(1,Common,0)","(1,Common,0)","(1,Common,0)","(1,Uncommon,0)","(1,Uncommon,0)","(1,Uncommon,0)","(1,Uncommon,0)","(1,Rare,0)","(1,Rare,0)","(1,Legendary,0)"
161,Location,Residence,Apartment,1,Condo,"(1,Common,1)","(1,Common,0)","(1,Common,0)","(1,Common,0)","(1,Common,0)","(1,Common,0)","(1,Common,0)","(1,Common,0)","(1,Uncommon,0)","(1,Uncommon,0)","(1,Uncommon,0)","(1,Uncommon,0)","(1,Rare,0)","(1,Rare,0)","(1,Legendary,0)"
162,Location,Residence,Apartment,2,Duplex,"(1,Common,1)","(1,Common,0)","(1,Common,0)","(1,Common,0)","(1,Common,0)","(1,Common,0)","(1,Common,0)","(1,Common,0)","(1,Uncommon,0)","(1,Uncommon,0)","(1,Uncommon,0)","(1,Uncommon,0)","(1,Rare,0)","(1,Rare,0)","(1,Legendary,0)"
163,Location,Residence,Apartment,3,Highrise,"(1,Common,1)","(1,Common,0)","(1,Common,0)","(1,Common,0)","(1,Common,0)","(1,Common,0)","(1,Common,0)","(1,Common,0)","(1,Uncommon,0)","(1,Uncommon,0)","(1,Uncommon,0)","(1,Uncommon,0)","(1,Rare,0)","(1,Rare,0)","(1,Legendary,0)"
164,Location,Residence,Apartment,4,Townhouse,"(1,Common,1)","(1,Common,0)","(1,Common,0)","(1,Common,0)","(1,Common,0)","(1,Common,0)","(1,Common,0)","(1,Common,0)","(1,Uncommon,0)","(1,Uncommon,0)","(1,Uncommon,0)","(1,Uncommon,0)","(1,Rare,0)","(1,Rare,0)","(1,Legendary,0)"
165,Location,Residence,Detached,1,Gated,"(1,Common,1)","(1,Common,0)","(1,Common,0)","(1,Common,0)","(1,Common,0)","(1,Common,0)","(1,Common,0)","(1,Common,0)","(1,Uncommon,0)","(1,Uncommon,0)","(1,Uncommon,0)","(1,Uncommon,0)","(1,Rare,0)","(1,Rare,0)","(1,Legendary,0)"
166,Location,Residence,Detached,2,Rural,"(1,Common,1)","(1,Common,0)","(1,Common,0)","(1,Common,0)","(1,Common,0)","(1,Common,0)","(1,Common,0)","(1,Common,0)","(1,Uncommon,0)","(1,Uncommon,0)","(1,Uncommon,0)","(1,Uncommon,0)","(1,Rare,0)","(1,Rare,0)","(1,Legendary,0)"
167,Location,Residence,Detached,3,Suburban,"(1,Common,1)","(1,Common,0)","(1,Common,0)","(1,Common,0)","(1,Common,0)","(1,Common,0)","(1,Common,0)","(1,Common,0)","(1,Uncommon,0)","(1,Uncommon,0)","(1,Uncommon,0)","(1,Uncommon,0)","(1,Rare,0)","(1,Rare,0)","(1,Legendary,0)"
168,Location,Residence,Detached,4,Urban,"(1,Common,1)","(1,Common,0)","(1,Common,0)","(1,Common,0)","(1,Common,0)","(1,Common,0)","(1,Common,0)","(1,Common,0)","(1,Uncommon,0)","(1,Uncommon,0)","(1,Uncommon,0)","(1,Uncommon,0)","(1,Rare,0)","(1,Rare,0)","(1,Legendary,0)"
169,Location,Residence,Hotel,1,Ballroom,"(1,Common,1)","(1,Common,0)","(1,Common,0)","(1,Common,0)","(1,Common,0)","(1,Common,0)","(1,Common,0)","(1,Common,0)","(1,Uncommon,0)","(1,Uncommon,0)","(1,Uncommon,0)","(1,Uncommon,0)","(1,Rare,0)","(1,Rare,0)","(1,Legendary,0)"
170,Location,Residence,Hotel,2,Business Center,"(1,Common,1)","(1,Common,0)","(1,Common,0)","(1,Common,0)","(1,Common,0)","(1,Common,0)","(1,Common,0)","(1,Common,0)","(1,Uncommon,0)","(1,Uncommon,0)","(1,Uncommon,0)","(1,Uncommon,0)","(1,Rare,0)","(1,Rare,0)","(1,Legendary,0)"
171,Location,Residence,Hotel,3,Lobby,"(1,Common,1)","(1,Common,0)","(1,Common,0)","(1,Common,0)","(1,Common,0)","(1,Common,0)","(1,Common,0)","(1,Common,0)","(1,Uncommon,0)","(1,Uncommon,0)","(1,Uncommon,0)","(1,Uncommon,0)","(1,Rare,0)","(1,Rare,0)","(1,Legendary,0)"
172,Location,Residence,Hotel,4,Room,"(1,Common,1)","(1,Common,0)","(1,Common,0)","(1,Common,0)","(1,Common,0)","(1,Common,0)","(1,Common,0)","(1,Common,0)","(1,Uncommon,0)","(1,Uncommon,0)","(1,Uncommon,0)","(1,Uncommon,0)","(1,Rare,0)","(1,Rare,0)","(1,Legendary,0)"
173,Location,Residence,Shared,1,Barracks,"(1,Common,1)","(1,Common,0)","(1,Common,0)","(1,Common,0)","(1,Common,0)","(1,Common,0)","(1,Common,0)","(1,Common,0)","(1,Uncommon,0)","(1,Uncommon,0)","(1,Uncommon,0)","(1,Uncommon,0)","(1,Rare,0)","(1,Rare,0)","(1,Legendary,0)"
174,Location,Residence,Shared,2,Dormitory,"(1,Common,1)","(1,Common,0)","(1,Common,0)","(1,Common,0)","(1,Common,0)","(1,Common,0)","(1,Common,0)","(1,Common,0)","(1,Uncommon,0)","(1,Uncommon,0)","(1,Uncommon,0)","(1,Uncommon,0)","(1,Rare,0)","(1,Rare,0)","(1,Legendary,0)"
175,Location,Residence,Shared,3,Hostel,"(1,Common,1)","(1,Common,0)","(1,Common,0)","(1,Common,0)","(1,Common,0)","(1,Common,0)","(1,Common,0)","(1,Common,0)","(1,Uncommon,0)","(1,Uncommon,0)","(1,Uncommon,0)","(1,Uncommon,0)","(1,Rare,0)","(1,Rare,0)","(1,Legendary,0)"
176,Location,Residence,Shared,4,Shelter,"(1,Common,1)","(1,Common,0)","(1,Common,0)","(1,Common,0)","(1,Common,0)","(1,Common,0)","(1,Common,0)","(1,Common,0)","(1,Uncommon,0)","(1,Uncommon,0)","(1,Uncommon,0)","(1,Uncommon,0)","(1,Rare,0)","(1,Rare,0)","(1,Legendary,0)"
177,Location,Unauthorized,Infrastructure,1,Emergency Services,"(1,Common,1)","(1,Common,0)","(1,Common,0)","(1,Common,0)","(1,Common,0)","(1,Common,0)","(1,Common,0)","(1,Common,0)","(1,Uncommon,0)","(1,Uncommon,0)","(1,Uncommon,0)","(1,Uncommon,0)","(1,Rare,0)","(1,Rare,0)","(1,Legendary,0)"
178,Location,Unauthorized,Infrastructure,2,Power Station,"(1,Common,1)","(1,Common,0)","(1,Common,0)","(1,Common,0)","(1,Common,0)","(1,Common,0)","(1,Common,0)","(1,Common,0)","(1,Uncommon,0)","(1,Uncommon,0)","(1,Uncommon,0)","(1,Uncommon,0)","(1,Rare,0)","(1,Rare,0)","(1,Legendary,0)"
179,Location,Unauthorized,Infrastructure,3,Smart Meter,"(1,Common,1)","(1,Common,0)","(1,Common,0)","(1,Common,0)","(1,Common,0)","(1,Common,0)","(1,Common,0)","(1,Common,0)","(1,Uncommon,0)","(1,Uncommon,0)","(1,Uncommon,0)","(1,Uncommon,0)","(1,Rare,0)","(1,Rare,0)","(1,Legendary,0)"
180,Location,Unauthorized,Infrastructure,4,Traffic Control,"(1,Common,1)","(1,Common,0)","(1,Common,0)","(1,Common,0)","(1,Common,0)","(1,Common,0)","(1,Common,0)","(1,Common,0)","(1,Uncommon,0)","(1,Uncommon,0)","(1,Uncommon,0)","(1,Uncommon,0)","(1,Rare,0)","(1,Rare,0)","(1,Legendary,0)"
181,Location,Unauthorized,Office,1,Basement,"(1,Common,1)","(1,Common,0)","(1,Common,0)","(1,Common,0)","(1,Common,0)","(1,Common,0)","(1,Common,0)","(1,Common,0)","(1,Uncommon,0)","(1,Uncommon,0)","(1,Uncommon,0)","(1,Uncommon,0)","(1,Rare,0)","(1,Rare,0)","(1,Legendary,0)"
182,Location,Unauthorized,Office,2,Foyer,"(1,Common,1)","(1,Common,0)","(1,Common,0)","(1,Common,0)","(1,Common,0)","(1,Common,0)","(1,Common,0)","(1,Common,0)","(1,Uncommon,0)","(1,Uncommon,0)","(1,Uncommon,0)","(1,Uncommon,0)","(1,Rare,0)","(1,Rare,0)","(1,Legendary,0)"
183,Location,Unauthorized,Office,3,Network Closet,"(1,Common,1)","(1,Common,0)","(1,Common,0)","(1,Common,0)","(1,Common,0)","(1,Common,0)","(1,Common,0)","(1,Common,0)","(1,Uncommon,0)","(1,Uncommon,0)","(1,Uncommon,0)","(1,Uncommon,0)","(1,Rare,0)","(1,Rare,0)","(1,Legendary,0)"
184,Location,Unauthorized,Office,4,Service Room,"(1,Common,1)","(1,Common,0)","(1,Common,0)","(1,Common,0)","(1,Common,0)","(1,Common,0)","(1,Common,0)","(1,Common,0)","(1,Uncommon,0)","(1,Uncommon,0)","(1,Uncommon,0)","(1,Uncommon,0)","(1,Rare,0)","(1,Rare,0)","(1,Legendary,0)"
185,Location,Unauthorized,Public,1,City Services,"(1,Common,1)","(1,Common,0)","(1,Common,0)","(1,Common,0)","(1,Common,0)","(1,Common,0)","(1,Common,0)","(1,Common,0)","(1,Uncommon,0)","(1,Uncommon,0)","(1,Uncommon,0)","(1,Uncommon,0)","(1,Rare,0)","(1,Rare,0)","(1,Legendary,0)"
186,Location,Unauthorized,Public,2,Fire Station,"(1,Common,1)","(1,Common,0)","(1,Common,0)","(1,Common,0)","(1,Common,0)","(1,Common,0)","(1,Common,0)","(1,Common,0)","(1,Uncommon,0)","(1,Uncommon,0)","(1,Uncommon,0)","(1,Uncommon,0)","(1,Rare,0)","(1,Rare,0)","(1,Legendary,0)"
187,Location,Unauthorized,Public,3,Police Station,"(1,Common,1)","(1,Common,0)","(1,Common,0)","(1,Common,0)","(1,Common,0)","(1,Common,0)","(1,Common,0)","(1,Common,0)","(1,Uncommon,0)","(1,Uncommon,0)","(1,Uncommon,0)","(1,Uncommon,0)","(1,Rare,0)","(1,Rare,0)","(1,Legendary,0)"
188,Location,Unauthorized,Public,4,POS Hole,"(1,Common,1)","(1,Common,0)","(1,Common,0)","(1,Common,0)","(1,Common,0)","(1,Common,0)","(1,Common,0)","(1,Common,0)","(1,Uncommon,0)","(1,Uncommon,0)","(1,Uncommon,0)","(1,Uncommon,0)","(1,Rare,0)","(1,Rare,0)","(1,Legendary,0)"
189,Location,Unauthorized,Residential,1,Callbox Access,"(1,Common,1)","(1,Common,0)","(1,Common,0)","(1,Common,0)","(1,Common,0)","(1,Common,0)","(1,Common,0)","(1,Common,0)","(1,Uncommon,0)","(1,Uncommon,0)","(1,Uncommon,0)","(1,Uncommon,0)","(1,Rare,0)","(1,Rare,0)","(1,Legendary,0)"
190,Location,Unauthorized,Residential,2,Derelict Building,"(1,Common,1)","(1,Common,0)","(1,Common,0)","(1,Common,0)","(1,Common,0)","(1,Common,0)","(1,Common,0)","(1,Common,0)","(1,Uncommon,0)","(1,Uncommon,0)","(1,Uncommon,0)","(1,Uncommon,0)","(1,Rare,0)","(1,Rare,0)","(1,Legendary,0)"
191,Location,Unauthorized,Residential,3,Open Access Point,"(1,Common,1)","(1,Common,0)","(1,Common,0)","(1,Common,0)","(1,Common,0)","(1,Common,0)","(1,Common,0)","(1,Common,0)","(1,Uncommon,0)","(1,Uncommon,0)","(1,Uncommon,0)","(1,Uncommon,0)","(1,Rare,0)","(1,Rare,0)","(1,Legendary,0)"
192,Location,Unauthorized,Residential,4,War Driving,"(1,Common,1)","(1,Common,0)","(1,Common,0)","(1,Common,0)","(1,Common,0)","(1,Common,0)","(1,Common,0)","(1,Common,0)","(1,Uncommon,0)","(1,Uncommon,0)","(1,Uncommon,0)","(1,Uncommon,0)","(1,Rare,0)","(1,Rare,0)","(1,Legendary,0)"
193,Role,Developer,Art,1,2D Art,"(1,Common,1)","(1,Common,0)","(1,Common,0)","(1,Common,0)","(1,Common,0)","(1,Common,0)","(1,Common,0)","(1,Common,0)","(1,Uncommon,0)","(1,Uncommon,0)","(1,Uncommon,0)","(1,Uncommon,0)","(1,Rare,0)","(1,Rare,0)","(1,Legendary,0)"
194,Role,Developer,Art,2,3D Art,"(1,Common,1)","(1,Common,0)","(1,Common,0)","(1,Common,0)","(1,Common,0)","(1,Common,0)","(1,Common,0)","(1,Common,0)","(1,Uncommon,0)","(1,Uncommon,0)","(1,Uncommon,0)","(1,Uncommon,0)","(1,Rare,0)","(1,Rare,0)","(1,Legendary,0)"
195,Role,Developer,Art,3,Audio,"(1,Common,1)","(1,Common,0)","(1,Common,0)","(1,Common,0)","(1,Common,0)","(1,Common,0)","(1,Common,0)","(1,Common,0)","(1,Uncommon,0)","(1,Uncommon,0)","(1,Uncommon,0)","(1,Uncommon,0)","(1,Rare,0)","(1,Rare,0)","(1,Legendary,0)"
196,Role,Developer,Art,4,UI/UX,"(1,Common,1)","(1,Common,0)","(1,Common,0)","(1,Common,0)","(1,Common,0)","(1,Common,0)","(1,Common,0)","(1,Common,0)","(1,Uncommon,0)","(1,Uncommon,0)","(1,Uncommon,0)","(1,Uncommon,0)","(1,Rare,0)","(1,Rare,0)","(1,Legendary,0)"
197,Role,Developer,Production,1,Analyst,"(1,Common,1)","(1,Common,0)","(1,Common,0)","(1,Common,0)","(1,Common,0)","(1,Common,0)","(1,Common,0)","(1,Common,0)","(1,Uncommon,0)","(1,Uncommon,0)","(1,Uncommon,0)","(1,Uncommon,0)","(1,Rare,0)","(1,Rare,0)","(1,Legendary,0)"
198,Role,Developer,Production,2,Designer,"(1,Common,1)","(1,Common,0)","(1,Common,0)","(1,Common,0)","(1,Common,0)","(1,Common,0)","(1,Common,0)","(1,Common,0)","(1,Uncommon,0)","(1,Uncommon,0)","(1,Uncommon,0)","(1,Uncommon,0)","(1,Rare,0)","(1,Rare,0)","(1,Legendary,0)"
199,Role,Developer,Production,3,Producer,"(1,Common,1)","(1,Common,0)","(1,Common,0)","(1,Common,0)","(1,Common,0)","(1,Common,0)","(1,Common,0)","(1,Common,0)","(1,Uncommon,0)","(1,Uncommon,0)","(1,Uncommon,0)","(1,Uncommon,0)","(1,Rare,0)","(1,Rare,0)","(1,Legendary,0)"
200,Role,Developer,Production,4,Scheduling,"(1,Common,1)","(1,Common,0)","(1,Common,0)","(1,Common,0)","(1,Common,0)","(1,Common,0)","(1,Common,0)","(1,Common,0)","(1,Uncommon,0)","(1,Uncommon,0)","(1,Uncommon,0)","(1,Uncommon,0)","(1,Rare,0)","(1,Rare,0)","(1,Legendary,0)"
201,Role,Developer,Programming,1,Backend,"(1,Common,1)","(1,Common,0)","(1,Common,0)","(1,Common,0)","(1,Common,0)","(1,Common,0)","(1,Common,0)","(1,Common,0)","(1,Uncommon,0)","(1,Uncommon,0)","(1,Uncommon,0)","(1,Uncommon,0)","(1,Rare,0)","(1,Rare,0)","(1,Legendary,0)"
202,Role,Developer,Programming,2,Frontend,"(1,Common,1)","(1,Common,0)","(1,Common,0)","(1,Common,0)","(1,Common,0)","(1,Common,0)","(1,Common,0)","(1,Common,0)","(1,Uncommon,0)","(1,Uncommon,0)","(1,Uncommon,0)","(1,Uncommon,0)","(1,Rare,0)","(1,Rare,0)","(1,Legendary,0)"
203,Role,Developer,Programming,3,Fullstack,"(1,Common,1)","(1,Common,0)","(1,Common,0)","(1,Common,0)","(1,Common,0)","(1,Common,0)","(1,Common,0)","(1,Common,0)","(1,Uncommon,0)","(1,Uncommon,0)","(1,Uncommon,0)","(1,Uncommon,0)","(1,Rare,0)","(1,Rare,0)","(1,Legendary,0)"
204,Role,Developer,Programming,4,Systems,"(1,Common,1)","(1,Common,0)","(1,Common,0)","(1,Common,0)","(1,Common,0)","(1,Common,0)","(1,Common,0)","(1,Common,0)","(1,Uncommon,0)","(1,Uncommon,0)","(1,Uncommon,0)","(1,Uncommon,0)","(1,Rare,0)","(1,Rare,0)","(1,Legendary,0)"
205,Role,Developer,QA,1,Build,"(1,Common,1)","(1,Common,0)","(1,Common,0)","(1,Common,0)","(1,Common,0)","(1,Common,0)","(1,Common,0)","(1,Common,0)","(1,Uncommon,0)","(1,Uncommon,0)","(1,Uncommon,0)","(1,Uncommon,0)","(1,Rare,0)","(1,Rare,0)","(1,Legendary,0)"
206,Role,Developer,QA,2,Certification,"(1,Common,1)","(1,Common,0)","(1,Common,0)","(1,Common,0)","(1,Common,0)","(1,Common,0)","(1,Common,0)","(1,Common,0)","(1,Uncommon,0)","(1,Uncommon,0)","(1,Uncommon,0)","(1,Uncommon,0)","(1,Rare,0)","(1,Rare,0)","(1,Legendary,0)"
207,Role,Developer,QA,3,Dev Support,"(1,Common,1)","(1,Common,0)","(1,Common,0)","(1,Common,0)","(1,Common,0)","(1,Common,0)","(1,Common,0)","(1,Common,0)","(1,Uncommon,0)","(1,Uncommon,0)","(1,Uncommon,0)","(1,Uncommon,0)","(1,Rare,0)","(1,Rare,0)","(1,Legendary,0)"
208,Role,Developer,QA,4,Test,"(1,Common,1)","(1,Common,0)","(1,Common,0)","(1,Common,0)","(1,Common,0)","(1,Common,0)","(1,Common,0)","(1,Common,0)","(1,Uncommon,0)","(1,Uncommon,0)","(1,Uncommon,0)","(1,Uncommon,0)","(1,Rare,0)","(1,Rare,0)","(1,Legendary,0)"
209,Role,IT,DevOps,1,Database Admin,"(1,Common,1)","(1,Common,0)","(1,Common,0)","(1,Common,0)","(1,Common,0)","(1,Common,0)","(1,Common,0)","(1,Common,0)","(1,Uncommon,0)","(1,Uncommon,0)","(1,Uncommon,0)","(1,Uncommon,0)","(1,Rare,0)","(1,Rare,0)","(1,Legendary,0)"
210,Role,IT,DevOps,2,Reliability,"(1,Common,1)","(1,Common,0)","(1,Common,0)","(1,Common,0)","(1,Common,0)","(1,Common,0)","(1,Common,0)","(1,Common,0)","(1,Uncommon,0)","(1,Uncommon,0)","(1,Uncommon,0)","(1,Uncommon,0)","(1,Rare,0)","(1,Rare,0)","(1,Legendary,0)"
211,Role,IT,DevOps,3,Telemetry,"(1,Common,1)","(1,Common,0)","(1,Common,0)","(1,Common,0)","(1,Common,0)","(1,Common,0)","(1,Common,0)","(1,Common,0)","(1,Uncommon,0)","(1,Uncommon,0)","(1,Uncommon,0)","(1,Uncommon,0)","(1,Rare,0)","(1,Rare,0)","(1,Legendary,0)"
212,Role,IT,DevOps,4,Web Dev,"(1,Common,1)","(1,Common,0)","(1,Common,0)","(1,Common,0)","(1,Common,0)","(1,Common,0)","(1,Common,0)","(1,Common,0)","(1,Uncommon,0)","(1,Uncommon,0)","(1,Uncommon,0)","(1,Uncommon,0)","(1,Rare,0)","(1,Rare,0)","(1,Legendary,0)"
213,Role,IT,Hardware,1,Networking,"(1,Common,1)","(1,Common,0)","(1,Common,0)","(1,Common,0)","(1,Common,0)","(1,Common,0)","(1,Common,0)","(1,Common,0)","(1,Uncommon,0)","(1,Uncommon,0)","(1,Uncommon,0)","(1,Uncommon,0)","(1,Rare,0)","(1,Rare,0)","(1,Legendary,0)"
214,Role,IT,Hardware,2,PC Build,"(1,Common,1)","(1,Common,0)","(1,Common,0)","(1,Common,0)","(1,Common,0)","(1,Common,0)","(1,Common,0)","(1,Common,0)","(1,Uncommon,0)","(1,Uncommon,0)","(1,Uncommon,0)","(1,Uncommon,0)","(1,Rare,0)","(1,Rare,0)","(1,Legendary,0)"
215,Role,IT,Hardware,3,Repair,"(1,Common,1)","(1,Common,0)","(1,Common,0)","(1,Common,0)","(1,Common,0)","(1,Common,0)","(1,Common,0)","(1,Common,0)","(1,Uncommon,0)","(1,Uncommon,0)","(1,Uncommon,0)","(1,Uncommon,0)","(1,Rare,0)","(1,Rare,0)","(1,Legendary,0)"
216,Role,IT,Hardware,4,Server Room,"(1,Common,1)","(1,Common,0)","(1,Common,0)","(1,Common,0)","(1,Common,0)","(1,Common,0)","(1,Common,0)","(1,Common,0)","(1,Uncommon,0)","(1,Uncommon,0)","(1,Uncommon,0)","(1,Uncommon,0)","(1,Rare,0)","(1,Rare,0)","(1,Legendary,0)"
217,Role,IT,Security,1,AppSec,"(1,Common,1)","(1,Common,0)","(1,Common,0)","(1,Common,0)","(1,Common,0)","(1,Common,0)","(1,Common,0)","(1,Common,0)","(1,Uncommon,0)","(1,Uncommon,0)","(1,Uncommon,0)","(1,Uncommon,0)","(1,Rare,0)","(1,Rare,0)","(1,Legendary,0)"
218,Role,IT,Security,2,Archivist,"(1,Common,1)","(1,Common,0)","(1,Common,0)","(1,Common,0)","(1,Common,0)","(1,Common,0)","(1,Common,0)","(1,Common,0)","(1,Uncommon,0)","(1,Uncommon,0)","(1,Uncommon,0)","(1,Uncommon,0)","(1,Rare,0)","(1,Rare,0)","(1,Legendary,0)"
219,Role,IT,Security,3,Forensics,"(1,Common,1)","(1,Common,0)","(1,Common,0)","(1,Common,0)","(1,Common,0)","(1,Common,0)","(1,Common,0)","(1,Common,0)","(1,Uncommon,0)","(1,Uncommon,0)","(1,Uncommon,0)","(1,Uncommon,0)","(1,Rare,0)","(1,Rare,0)","(1,Legendary,0)"
220,Role,IT,Security,4,Info Assurance,"(1,Common,1)","(1,Common,0)","(1,Common,0)","(1,Common,0)","(1,Common,0)","(1,Common,0)","(1,Common,0)","(1,Common,0)","(1,Uncommon,0)","(1,Uncommon,0)","(1,Uncommon,0)","(1,Uncommon,0)","(1,Rare,0)","(1,Rare,0)","(1,Legendary,0)"
221,Role,IT,Support,1,Call Center,"(1,Common,1)","(1,Common,0)","(1,Common,0)","(1,Common,0)","(1,Common,0)","(1,Common,0)","(1,Common,0)","(1,Common,0)","(1,Uncommon,0)","(1,Uncommon,0)","(1,Uncommon,0)","(1,Uncommon,0)","(1,Rare,0)","(1,Rare,0)","(1,Legendary,0)"
222,Role,IT,Support,2,Desktop Support,"(1,Common,1)","(1,Common,0)","(1,Common,0)","(1,Common,0)","(1,Common,0)","(1,Common,0)","(1,Common,0)","(1,Common,0)","(1,Uncommon,0)","(1,Uncommon,0)","(1,Uncommon,0)","(1,Uncommon,0)","(1,Rare,0)","(1,Rare,0)","(1,Legendary,0)"
223,Role,IT,Support,3,Helpdesk,"(1,Common,1)","(1,Common,0)","(1,Common,0)","(1,Common,0)","(1,Common,0)","(1,Common,0)","(1,Common,0)","(1,Common,0)","(1,Uncommon,0)","(1,Uncommon,0)","(1,Uncommon,0)","(1,Uncommon,0)","(1,Rare,0)","(1,Rare,0)","(1,Legendary,0)"
224,Role,IT,Support,4,Support Tech,"(1,Common,1)","(1,Common,0)","(1,Common,0)","(1,Common,0)","(1,Common,0)","(1,Common,0)","(1,Common,0)","(1,Common,0)","(1,Uncommon,0)","(1,Uncommon,0)","(1,Uncommon,0)","(1,Uncommon,0)","(1,Rare,0)","(1,Rare,0)","(1,Legendary,0)"
225,Role,People,Accounting,1,Auditor,"(1,Common,1)","(1,Common,0)","(1,Common,0)","(1,Common,0)","(1,Common,0)","(1,Common,0)","(1,Common,0)","(1,Common,0)","(1,Uncommon,0)","(1,Uncommon,0)","(1,Uncommon,0)","(1,Uncommon,0)","(1,Rare,0)","(1,Rare,0)","(1,Legendary,0)"
226,Role,People,Accounting,2,Comptroller,"(1,Common,1)","(1,Common,0)","(1,Common,0)","(1,Common,0)","(1,Common,0)","(1,Common,0)","(1,Common,0)","(1,Common,0)","(1,Uncommon,0)","(1,Uncommon,0)","(1,Uncommon,0)","(1,Uncommon,0)","(1,Rare,0)","(1,Rare,0)","(1,Legendary,0)"
227,Role,People,Accounting,3,Payroll,"(1,Common,1)","(1,Common,0)","(1,Common,0)","(1,Common,0)","(1,Common,0)","(1,Common,0)","(1,Common,0)","(1,Common,0)","(1,Uncommon,0)","(1,Uncommon,0)","(1,Uncommon,0)","(1,Uncommon,0)","(1,Rare,0)","(1,Rare,0)","(1,Legendary,0)"
228,Role,People,Accounting,4,Purchasing,"(1,Common,1)","(1,Common,0)","(1,Common,0)","(1,Common,0)","(1,Common,0)","(1,Common,0)","(1,Common,0)","(1,Common,0)","(1,Uncommon,0)","(1,Uncommon,0)","(1,Uncommon,0)","(1,Uncommon,0)","(1,Rare,0)","(1,Rare,0)","(1,Legendary,0)"
229,Role,People,Admin,1,Clerk,"(1,Common,1)","(1,Common,0)","(1,Common,0)","(1,Common,0)","(1,Common,0)","(1,Common,0)","(1,Common,0)","(1,Common,0)","(1,Uncommon,0)","(1,Uncommon,0)","(1,Uncommon,0)","(1,Uncommon,0)","(1,Rare,0)","(1,Rare,0)","(1,Legendary,0)"
230,Role,People,Admin,2,Coordinator,"(1,Common,1)","(1,Common,0)","(1,Common,0)","(1,Common,0)","(1,Common,0)","(1,Common,0)","(1,Common,0)","(1,Common,0)","(1,Uncommon,0)","(1,Uncommon,0)","(1,Uncommon,0)","(1,Uncommon,0)","(1,Rare,0)","(1,Rare,0)","(1,Legendary,0)"
231,Role,People,Admin,3,Facilities,"(1,Common,1)","(1,Common,0)","(1,Common,0)","(1,Common,0)","(1,Common,0)","(1,Common,0)","(1,Common,0)","(1,Common,0)","(1,Uncommon,0)","(1,Uncommon,0)","(1,Uncommon,0)","(1,Uncommon,0)","(1,Rare,0)","(1,Rare,0)","(1,Legendary,0)"
232,Role,People,Admin,4,Secretary,"(1,Common,1)","(1,Common,0)","(1,Common,0)","(1,Common,0)","(1,Common,0)","(1,Common,0)","(1,Common,0)","(1,Common,0)","(1,Uncommon,0)","(1,Uncommon,0)","(1,Uncommon,0)","(1,Uncommon,0)","(1,Rare,0)","(1,Rare,0)","(1,Legendary,0)"
233,Role,People,HR,1,Benefits,"(1,Common,1)","(1,Common,0)","(1,Common,0)","(1,Common,0)","(1,Common,0)","(1,Common,0)","(1,Common,0)","(1,Common,0)","(1,Uncommon,0)","(1,Uncommon,0)","(1,Uncommon,0)","(1,Uncommon,0)","(1,Rare,0)","(1,Rare,0)","(1,Legendary,0)"
234,Role,People,HR,2,Business Partner,"(1,Common,1)","(1,Common,0)","(1,Common,0)","(1,Common,0)","(1,Common,0)","(1,Common,0)","(1,Common,0)","(1,Common,0)","(1,Uncommon,0)","(1,Uncommon,0)","(1,Uncommon,0)","(1,Uncommon,0)","(1,Rare,0)","(1,Rare,0)","(1,Legendary,0)"
235,Role,People,HR,3,Recruiting,"(1,Common,1)","(1,Common,0)","(1,Common,0)","(1,Common,0)","(1,Common,0)","(1,Common,0)","(1,Common,0)","(1,Common,0)","(1,Uncommon,0)","(1,Uncommon,0)","(1,Uncommon,0)","(1,Uncommon,0)","(1,Rare,0)","(1,Rare,0)","(1,Legendary,0)"
236,Role,People,HR,4,Relations,"(1,Common,1)","(1,Common,0)","(1,Common,0)","(1,Common,0)","(1,Common,0)","(1,Common,0)","(1,Common,0)","(1,Common,0)","(1,Uncommon,0)","(1,Uncommon,0)","(1,Uncommon,0)","(1,Uncommon,0)","(1,Rare,0)","(1,Rare,0)","(1,Legendary,0)"
237,Role,People,Marketing,1,Advertising,"(1,Common,1)","(1,Common,0)","(1,Common,0)","(1,Common,0)","(1,Common,0)","(1,Common,0)","(1,Common,0)","(1,Common,0)","(1,Uncommon,0)","(1,Uncommon,0)","(1,Uncommon,0)","(1,Uncommon,0)","(1,Rare,0)","(1,Rare,0)","(1,Legendary,0)"
238,Role,People,Marketing,2,Brand Management,"(1,Common,1)","(1,Common,0)","(1,Common,0)","(1,Common,0)","(1,Common,0)","(1,Common,0)","(1,Common,0)","(1,Common,0)","(1,Uncommon,0)","(1,Uncommon,0)","(1,Uncommon,0)","(1,Uncommon,0)","(1,Rare,0)","(1,Rare,0)","(1,Legendary,0)"
239,Role,People,Marketing,3,Content Creation,"(1,Common,1)","(1,Common,0)","(1,Common,0)","(1,Common,0)","(1,Common,0)","(1,Common,0)","(1,Common,0)","(1,Common,0)","(1,Uncommon,0)","(1,Uncommon,0)","(1,Uncommon,0)","(1,Uncommon,0)","(1,Rare,0)","(1,Rare,0)","(1,Legendary,0)"
240,Role,People,Marketing,4,Social Media,"(1,Common,1)","(1,Common,0)","(1,Common,0)","(1,Common,0)","(1,Common,0)","(1,Common,0)","(1,Common,0)","(1,Common,0)","(1,Uncommon,0)","(1,Uncommon,0)","(1,Uncommon,0)","(1,Uncommon,0)","(1,Rare,0)","(1,Rare,0)","(1,Legendary,0)"
241,Role,Physical,Maintenance,1,Cleaning,"(1,Common,1)","(1,Common,0)","(1,Common,0)","(1,Common,0)","(1,Common,0)","(1,Common,0)","(1,Common,0)","(1,Common,0)","(1,Uncommon,0)","(1,Uncommon,0)","(1,Uncommon,0)","(1,Uncommon,0)","(1,Rare,0)","(1,Rare,0)","(1,Legendary,0)"
242,Role,Physical,Maintenance,2,Groundskeeping,"(1,Common,1)","(1,Common,0)","(1,Common,0)","(1,Common,0)","(1,Common,0)","(1,Common,0)","(1,Common,0)","(1,Common,0)","(1,Uncommon,0)","(1,Uncommon,0)","(1,Uncommon,0)","(1,Uncommon,0)","(1,Rare,0)","(1,Rare,0)","(1,Legendary,0)"
243,Role,Physical,Maintenance,3,Janitorial,"(1,Common,1)","(1,Common,0)","(1,Common,0)","(1,Common,0)","(1,Common,0)","(1,Common,0)","(1,Common,0)","(1,Common,0)","(1,Uncommon,0)","(1,Uncommon,0)","(1,Uncommon,0)","(1,Uncommon,0)","(1,Rare,0)","(1,Rare,0)","(1,Legendary,0)"
244,Role,Physical,Maintenance,4,Technician,"(1,Common,1)","(1,Common,0)","(1,Common,0)","(1,Common,0)","(1,Common,0)","(1,Common,0)","(1,Common,0)","(1,Common,0)","(1,Uncommon,0)","(1,Uncommon,0)","(1,Uncommon,0)","(1,Uncommon,0)","(1,Rare,0)","(1,Rare,0)","(1,Legendary,0)"
245,Role,Physical,Security,1,Checkpoint,"(1,Common,1)","(1,Common,0)","(1,Common,0)","(1,Common,0)","(1,Common,0)","(1,Common,0)","(1,Common,0)","(1,Common,0)","(1,Uncommon,0)","(1,Uncommon,0)","(1,Uncommon,0)","(1,Uncommon,0)","(1,Rare,0)","(1,Rare,0)","(1,Legendary,0)"
246,Role,Physical,Security,2,Event Staff,"(1,Common,1)","(1,Common,0)","(1,Common,0)","(1,Common,0)","(1,Common,0)","(1,Common,0)","(1,Common,0)","(1,Common,0)","(1,Uncommon,0)","(1,Uncommon,0)","(1,Uncommon,0)","(1,Uncommon,0)","(1,Rare,0)","(1,Rare,0)","(1,Legendary,0)"
247,Role,Physical,Security,3,Dispatch,"(1,Common,1)","(1,Common,0)","(1,Common,0)","(1,Common,0)","(1,Common,0)","(1,Common,0)","(1,Common,0)","(1,Common,0)","(1,Uncommon,0)","(1,Uncommon,0)","(1,Uncommon,0)","(1,Uncommon,0)","(1,Rare,0)","(1,Rare,0)","(1,Legendary,0)"
248,Role,Physical,Security,4,Guard,"(1,Common,1)","(1,Common,0)","(1,Common,0)","(1,Common,0)","(1,Common,0)","(1,Common,0)","(1,Common,0)","(1,Common,0)","(1,Uncommon,0)","(1,Uncommon,0)","(1,Uncommon,0)","(1,Uncommon,0)","(1,Rare,0)","(1,Rare,0)","(1,Legendary,0)"
249,Role,Physical,Supply,1,Inspection,"(1,Common,1)","(1,Common,0)","(1,Common,0)","(1,Common,0)","(1,Common,0)","(1,Common,0)","(1,Common,0)","(1,Common,0)","(1,Uncommon,0)","(1,Uncommon,0)","(1,Uncommon,0)","(1,Uncommon,0)","(1,Rare,0)","(1,Rare,0)","(1,Legendary,0)"
250,Role,Physical,Supply,2,Inventory Control,"(1,Common,1)","(1,Common,0)","(1,Common,0)","(1,Common,0)","(1,Common,0)","(1,Common,0)","(1,Common,0)","(1,Common,0)","(1,Uncommon,0)","(1,Uncommon,0)","(1,Uncommon,0)","(1,Uncommon,0)","(1,Rare,0)","(1,Rare,0)","(1,Legendary,0)"
251,Role,Physical,Supply,3,Logistics,"(1,Common,1)","(1,Common,0)","(1,Common,0)","(1,Common,0)","(1,Common,0)","(1,Common,0)","(1,Common,0)","(1,Common,0)","(1,Uncommon,0)","(1,Uncommon,0)","(1,Uncommon,0)","(1,Uncommon,0)","(1,Rare,0)","(1,Rare,0)","(1,Legendary,0)"
252,Role,Physical,Supply,4,Procurement,"(1,Common,1)","(1,Common,0)","(1,Common,0)","(1,Common,0)","(1,Common,0)","(1,Common,0)","(1,Common,0)","(1,Common,0)","(1,Uncommon,0)","(1,Uncommon,0)","(1,Uncommon,0)","(1,Uncommon,0)","(1,Rare,0)","(1,Rare,0)","(1,Legendary,0)"
253,Role,Physical,Trades,1,Electrician,"(1,Common,1)","(1,Common,0)","(1,Common,0)","(1,Common,0)","(1,Common,0)","(1,Common,0)","(1,Common,0)","(1,Common,0)","(1,Uncommon,0)","(1,Uncommon,0)","(1,Uncommon,0)","(1,Uncommon,0)","(1,Rare,0)","(1,Rare,0)","(1,Legendary,0)"
254,Role,Physical,Trades,2,HVAC,"(1,Common,1)","(1,Common,0)","(1,Common,0)","(1,Common,0)","(1,Common,0)","(1,Common,0)","(1,Common,0)","(1,Common,0)","(1,Uncommon,0)","(1,Uncommon,0)","(1,Uncommon,0)","(1,Uncommon,0)","(1,Rare,0)","(1,Rare,0)","(1,Legendary,0)"
255,Role,Physical,Trades,3,Installer,"(1,Common,1)","(1,Common,0)","(1,Common,0)","(1,Common,0)","(1,Common,0)","(1,Common,0)","(1,Common,0)","(1,Common,0)","(1,Uncommon,0)","(1,Uncommon,0)","(1,Uncommon,0)","(1,Uncommon,0)","(1,Rare,0)","(1,Rare,0)","(1,Legendary,0)"
256,Role,Physical,Trades,4,Plumber,"(1,Common,1)","(1,Common,0)","(1,Common,0)","(1,Common,0)","(1,Common,0)","(1,Common,0)","(1,Common,0)","(1,Common,0)","(1,Uncommon,0)","(1,Uncommon,0)","(1,Uncommon,0)","(1,Uncommon,0)","(1,Rare,0)","(1,Rare,0)","(1,Legendary,0)"
