78,Institution,5,20,2,National Research Centre,"(1,Common,1)","(1,Common,0)","(1,Common,0)","(1,Common,0)","(1,Common,0)","(1,Common,0)","(1,Common,0)","(1,Common,0)","(1,Uncommon,0)","(1,Uncommon,0)","(1,Uncommon,0)","(1,Uncommon,0)","(1,Rare,0)","(1,Rare,0)","(1,Legendary,0)"
65,Institution,5,17,1,Cairo University,"(1,Common,1)","(1,Common,0)","(1,Common,0)","(1,Common,0)","(1,Common,0)","(1,Common,0)","(1,Common,0)","(1,Common,0)","(1,Uncommon,0)","(1,Uncommon,0)","(1,Uncommon,0)","(1,Uncommon,0)","(1,Rare,0)","(1,Rare,0)","(1,Legendary,0)"
256,Role,16,64,4,Plumber,"(1,Common,1)","(1,Common,0)","(1,Common,0)","(1,Common,0)","(1,Common,0)","(1,Common,0)","(1,Common,0)","(1,Common,0)","(1,Uncommon,0)","(1,Uncommon,0)","(1,Uncommon,0)","(1,Uncommon,0)","(1,Rare,0)","(1,Rare,0)","(1,Legendary,0)"
105,Institution,7,27,1,Kamatayon GmbH,"(1,Common,1)","(1,Common,0)","(1,Common,0)","(1,Common,0)","(1,Common,0)","(1,Common,0)","(1,Common,0)","(1,Common,0)","(1,Uncommon,0)","(1,Uncommon,0)","(1,Uncommon,0)","(1,Uncommon,0)","(1,Rare,0)","(1,Rare,0)","(1,Legendary,0)"
163,Location,11,41,3,Highrise,"(1,Common,1)","(1,Common,0)","(1,Common,0)","(1,Common,0)","(1,Common,0)","(1,Common,0)","(1,Common,0)","(1,Common,0)","(1,Uncommon,0)","(1,Uncommon,0)","(1,Uncommon,0)","(1,Uncommon,0)","(1,Rare,0)","(1,Rare,0)","(1,Legendary,0)"
82,Institution,6,21,2,NITDA,"(1,Common,1)","(1,Common,0)","(1,Common,0)","(1,Common,0)","(1,Common,0)","(1,Common,0)","(1,Common,0)","(1,Common,0)","(1,Uncommon,0)","(1,Uncommon,0)","(1,Uncommon,0)","(1,Uncommon,0)","(1,Rare,0)","(1,Rare,0)","(1,Legendary,0)"
45,Distro,3,12,1,Guardian,"(1,Common,1)","(1,Common,0)","(1,Common,0)","(1,Common,0)","(1,Common,0)","(1,Common,0)","(1,Common,0)","(1,Common,0)","(1,Uncommon,0)","(1,Uncommon,0)","(1,Uncommon,0)","(1,Uncommon,0)","(1,Rare,0)","(1,Rare,0)","(1,Legendary,0)"
198,Role,13,50,2,Designer,"(1,Common,1)","(1,Common,0)","(1,Common,0)","(1,Common,0)","(1,Common,0)","(1,Common,0)","(1,Common,0)","(1,Common,0)","(1,Uncommon,0)","(1,Uncommon,0)","(1,Uncommon,0)","(1,Uncommon,0)","(1,Rare,0)","(1,Rare,0)","(1,Legendary,0)"
193,Role,13,49,1,2D Art,"(1,Common,1)","(1,Common,0)","(1,Common,0)","(1,Common,0)","(1,Common,0)","(1,Common,0)","(1,Common,0)","(1,Common,0)","(1,Uncommon,0)","(1,Uncommon,0)","(1,Uncommon,0)","(1,Uncommon,0)","(1,Rare,0)","(1,Rare,0)","(1,Legendary,0)"
77,Institution,5,20,1,KAIST,"(1,Common,1)","(1,Common,0)","(1,Common,0)","(1,Common,0)","(1,Common,0)","(1,Common,0)","(1,Common,0)","(1,Common,0)","(1,Uncommon,0)","(1,Uncommon,0)","(1,Uncommon,0)","(1,Uncommon,0)","(1,Rare,0)","(1,Rare,0)","(1,Legendary,0)"
114,Institution,8,29,2,KeepTrack,"(1,Common,1)","(1,Common,0)","(1,Common,0)","(1,Common,0)","(1,Common,0)","(1,Common,0)","(1,Common,0)","(1,Common,0)","(1,Uncommon,0)","(1,Uncommon,0)","(1,Uncommon,0)","(1,Uncommon,0)","(1,Rare,0)","(1,Rare,0)","(1,Legendary,0)"
54,Distro,4,14,2,Minotaur,"(1,Common,1)","(1,Common,0)","(1,Common,0)","(1,Common,0)","(1,Common,0)","(1,Common,0)","(1,Common,0)","(1,Common,0)","(1,Uncommon,0)","(1,Uncommon,0)","(1,Uncommon,0)","(1,Uncommon,0)","(1,Rare,0)","(1,Rare,0)","(1,Legendary,0)"
132,Location,9,33,4,Parking Structure,"(1,Common,1)","(1,Common,0)","(1,Common,0)","(1,Common,0)","(1,Common,0)","(1,Common,0)","(1,Common,0)","(1,Common,0)","(1,Uncommon,0)","(1,Uncommon,0)","(1,Uncommon,0)","(1,Uncommon,0)","(1,Rare,0)","(1,Rare,0)","(1,Legendary,0)"
162,Location,11,41,2,Duplex,"(1,Common,1)","(1,Common,0)","(1,Common,0)","(1,Common,0)","(1,Common,0)","(1,Common,0)","(1,Common,0)","(1,Common,0)","(1,Uncommon,0)","(1,Uncommon,0)","(1,Uncommon,0)","(1,Uncommon,0)","(1,Rare,0)","(1,Rare,0)","(1,Legendary,0)"
13,Distro,1,4,1,Hyperspace,"(1,Common,1)","(1,Common,0)","(1,Common,0)","(1,Common,0)","(1,Common,0)","(1,Common,0)","(1,Common,0)","(1,Common,0)","(1,Uncommon,0)","(1,Uncommon,0)","(1,Uncommon,0)","(1,Uncommon,0)","(1,Rare,0)","(1,Rare,0)","(1,Legendary,0)"
44,Distro,3,11,4,Obsidian,"(1,Common,1)","(1,Common,0)","(1,Common,0)","(1,Common,0)","(1,Common,0)","(1,Common,0)","(1,Common,0)","(1,Common,0)","(1,Uncommon,0)","(1,Uncommon,0)","(1,Uncommon,0)","(1,Uncommon,0)","(1,Rare,0)","(1,Rare,0)","(1,Legendary,0)"
255,Role,16,64,3,Installer,"(1,Common,1)","(1,Common,0)","(1,Common,0)","(1,Common,0)","(1,Common,0)","(1,Common,0)","(1,Common,0)","(1,Common,0)","(1,Uncommon,0)","(1,Uncommon,0)","(1,Uncommon,0)","(1,Uncommon,0)","(1,Rare,0)","(1,Rare,0)","(1,Legendary,0)"
252,Role,16,63,4,Procurement,"(1,Common,1)","(1,Common,0)","(1,Common,0)","(1,Common,0)","(1,Common,0)","(1,Common,0)","(1,Common,0)","(1,Common,0)","(1,Uncommon,0)","(1,Uncommon,0)","(1,Uncommon,0)","(1,Uncommon,0)","(1,Rare,0)","(1,Rare,0)","(1,Legendary,0)"
230,Role,15,58,2,Coordinator,"(1,Common,1)","(1,Common,0)","(1,Common,0)","(1,Common,0)","(1,Common,0)","(1,Common,0)","(1,Common,0)","(1,Common,0)","(1,Uncommon,0)","(1,Uncommon,0)","(1,Uncommon,0)","(1,Uncommon,0)","(1,Rare,0)","(1,Rare,0)","(1,Legendary,0)"
225,Role,15,57,1,Auditor,"(1,Common,1)","(1,Common,0)","(1,Common,0)","(1,Common,0)","(1,Common,0)","(1,Common,0)","(1,Common,0)","(1,Common,0)","(1,Uncommon,0)","(1,Uncommon,0)","(1,Uncommon,0)","(1,Uncommon,0)","(1,Rare,0)","(1,Rare,0)","(1,Legendary,0)"
23,Distro,2,6,3,Silver Bullet,"(1,Common,1)","(1,Common,0)","(1,Common,0)","(1,Common,0)","(1,Common,0)","(1,Common,0)","(1,Common,0)","(1,Common,0)","(1,Uncommon,0)","(1,Uncommon,0)","(1,Uncommon,0)","(1,Uncommon,0)","(1,Rare,0)","(1,Rare,0)","(1,Legendary,0)"
109,Institution,7,28,1,Olutalo,"(1,Common,1)","(1,Common,0)","(1,Common,0)","(1,Common,0)","(1,Common,0)","(1,Common,0)","(1,Common,0)","(1,Common,0)","(1,Uncommon,0)","(1,Uncommon,0)","(1,Uncommon,0)","(1,Uncommon,0)","(1,Rare,0)","(1,Rare,0)","(1,Legendary,0)"
16,Distro,1,4,4,Supernova,"(1,Common,1)","(1,Common,0)","(1,Common,0)","(1,Common,0)","(1,Common,0)","(1,Common,0)","(1,Common,0)","(1,Common,0)","(1,Uncommon,0)","(1,Uncommon,0)","(1,Uncommon,0)","(1,Uncommon,0)","(1,Rare,0)","(1,Rare,0)","(1,Legendary,0)"
22,Distro,2,6,2,Hawkeye,"(1,Common,1)","(1,Common,0)","(1,Common,0)","(1,Common,0)","(1,Common,0)","(1,Common,0)","(1,Common,0)","(1,Common,0)","(1,Uncommon,0)","(1,Uncommon,0)","(1,Uncommon,0)","(1,Uncommon,0)","(1,Rare,0)","(1,Rare,0)","(1,Legendary,0)"
131,Location,9,33,3,Information Booth,"(1,Common,1)","(1,Common,0)","(1,Common,0)","(1,Common,0)","(1,Common,0)","(1,Common,0)","(1,Common,0)","(1,Common,0)","(1,Uncommon,0)","(1,Uncommon,0)","(1,Uncommon,0)","(1,Uncommon,0)","(1,Rare,0)","(1,Rare,0)","(1,Legendary,0)"
130,Location,9,33,2,Company Store,"(1,Common,1)","(1,Common,0)","(1,Common,0)","(1,Common,0)","(1,Common,0)","(1,Common,0)","(1,Common,0)","(1,Common,0)","(1,Uncommon,0)","(1,Uncommon,0)","(1,Uncommon,0)","(1,Uncommon,0)","(1,Rare,0)","(1,Rare,0)","(1,Legendary,0)"
133,Location,9,34,1,Coworking Space,"(1,Common,1)","(1,Common,0)","(1,Common,0)","(1,Common,0)","(1,Common,0)","(1,Common,0)","(1,Common,0)","(1,Common,0)","(1,Uncommon,0)","(1,Uncommon,0)","(1,Uncommon,0)","(1,Uncommon,0)","(1,Rare,0)","(1,Rare,0)","(1,Legendary,0)"
161,Location,11,41,1,Condo,"(1,Common,1)","(1,Common,0)","(1,Common,0)","(1,Common,0)","(1,Common,0)","(1,Common,0)","(1,Common,0)","(1,Common,0)","(1,Uncommon,0)","(1,Uncommon,0)","(1,Uncommon,0)","(1,Uncommon,0)","(1,Rare,0)","(1,Rare,0)","(1,Legendary,0)"
119,Institution,8,30,3,Overclox,"(1,Common,1)","(1,Common,0)","(1,Common,0)","(1,Common,0)","(1,Common,0)","(1,Common,0)","(1,Common,0)","(1,Common,0)","(1,Uncommon,0)","(1,Uncommon,0)","(1,Uncommon,0)","(1,Uncommon,0)","(1,Rare,0)","(1,Rare,0)","(1,Legendary,0)"
223,Role,14,56,3,Helpdesk,"(1,Common,1)","(1,Common,0)","(1,Common,0)","(1,Common,0)","(1,Common,0)","(1,Common,0)","(1,Common,0)","(1,Common,0)","(1,Uncommon,0)","(1,Uncommon,0)","(1,Uncommon,0)","(1,Uncommon,0)","(1,Rare,0)","(1,Rare,0)","(1,Legendary,0)"
195,Role,13,49,3,Audio,"(1,Common,1)","(1,Common,0)","(1,Common,0)","(1,Common,0)","(1,Common,0)","(1,Common,0)","(1,Common,0)","(1,Common,0)","(1,Uncommon,0)","(1,Uncommon,0)","(1,Uncommon,0)","(1,Uncommon,0)","(1,Rare,0)","(1,Rare,0)","(1,Legendary,0)"
220,Role,14,55,4,Info Assurance,"(1,Common,1)","(1,Common,0)","(1,Common,0)","(1,Common,0)","(1,Common,0)","(1,Common,0)","(1,Common,0)","(1,Common,0)","(1,Uncommon,0)","(1,Uncommon,0)","(1,Uncommon,0)","(1,Uncommon,0)","(1,Rare,0)","(1,Rare,0)","(1,Legendary,0)"
115,Institution,8,29,3,NetFree,"(1,Common,1)","(1,Common,0)","(1,Common,0)","(1,Common,0)","(1,Common,0)","(1,Common,0)","(1,Common,0)","(1,Common,0)","(1,Uncommon,0)","(1,Uncommon,0)","(1,Uncommon,0)","(1,Uncommon,0)","(1,Rare,0)","(1,Rare,0)","(1,Legendary,0)"
112,Institution,7,28,4,Sota,"(1,Common,1)","(1,Common,0)","(1,Common,0)","(1,Common,0)","(1,Common,0)","(1,Common,0)","(1,Common,0)","(1,Common,0)","(1,Uncommon,0)","(1,Uncommon,0)","(1,Uncommon,0)","(1,Uncommon,0)","(1,Rare,0)","(1,Rare,0)","(1,Legendary,0)"
134,Location,9,34,2,Open Floor,"(1,Common,1)","(1,Common,0)","(1,Common,0)","(1,Common,0)","(1,Common,0)","(1,Common,0)","(1,Common,0)","(1,Common,0)","(1,Uncommon,0)","(1,Uncommon,0)","(1,Uncommon,0)","(1,Uncommon,0)","(1,Rare,0)","(1,Rare,0)","(1,Legendary,0)"
19,Distro,2,5,3,Jekyll,"(1,Common,1)","(1,Common,0)","(1,Common,0)","(1,Common,0)","(1,Common,0)","(1,Common,0)","(1,Common,0)","(1,Common,0)","(1,Uncommon,0)","(1,Uncommon,0)","(1,Uncommon,0)","(1,Uncommon,0)","(1,Rare,0)","(1,Rare,0)","(1,Legendary,0)"
197,Role,13,50,1,Analyst,"(1,Common,1)","(1,Common,0)","(1,Common,0)","(1,Common,0)","(1,Common,0)","(1,Common,0)","(1,Common,0)","(1,Common,0)","(1,Uncommon,0)","(1,Uncommon,0)","(1,Uncommon,0)","(1,Uncommon,0)","(1,Rare,0)","(1,Rare,0)","(1,Legendary,0)"
166,Location,11,42,2,Rural,"(1,Common,1)","(1,Common,0)","(1,Common,0)","(1,Common,0)","(1,Common,0)","(1,Common,0)","(1,Common,0)","(1,Common,0)","(1,Uncommon,0)","(1,Uncommon,0)","(1,Uncommon,0)","(1,Uncommon,0)","(1,Rare,0)","(1,Rare,0)","(1,Legendary,0)"
73,Institution,5,19,1,EPFL,"(1,Common,1)","(1,Common,0)","(1,Common,0)","(1,Common,0)","(1,Common,0)","(1,Common,0)","(1,Common,0)","(1,Common,0)","(1,Uncommon,0)","(1,Uncommon,0)","(1,Uncommon,0)","(1,Uncommon,0)","(1,Rare,0)","(1,Rare,0)","(1,Legendary,0)"
26,Distro,2,7,2,Griffin,"(1,Common,1)","(1,Common,0)","(1,Common,0)","(1,Common,0)","(1,Common,0)","(1,Common,0)","(1,Common,0)","(1,Common,0)","(1,Uncommon,0)","(1,Uncommon,0)","(1,Uncommon,0)","(1,Uncommon,0)","(1,Rare,0)","(1,Rare,0)","(1,Legendary,0)"
50,Distro,4,13,2,Lost Horizon,"(1,Common,1)","(1,Common,0)","(1,Common,0)","(1,Common,0)","(1,Common,0)","(1,Common,0)","(1,Common,0)","(1,Common,0)","(1,Uncommon,0)","(1,Uncommon,0)","(1,Uncommon,0)","(1,Uncommon,0)","(1,Rare,0)","(1,Rare,0)","(1,Legendary,0)"
108,Institution,7,27,4,SMRT Tech,"(1,Common,1)","(1,Common,0)","(1,Common,0)","(1,Common,0)","(1,Common,0)","(1,Common,0)","(1,Common,0)","(1,Common,0)","(1,Uncommon,0)","(1,Uncommon,0)","(1,Uncommon,0)","(1,Uncommon,0)","(1,Rare,0)","(1,Rare,0)","(1,Legendary,0)"
113,Institution,8,29,1,Green Earth,"(1,Common,1)","(1,Common,0)","(1,Common,0)","(1,Common,0)","(1,Common,0)","(1,Common,0)","(1,Common,0)","(1,Common,0)","(1,Uncommon,0)","(1,Uncommon,0)","(1,Uncommon,0)","(1,Uncommon,0)","(1,Rare,0)","(1,Rare,0)","(1,Legendary,0)"
194,Role,13,49,2,3D Art,"(1,Common,1)","(1,Common,0)","(1,Common,0)","(1,Common,0)","(1,Common,0)","(1,Common,0)","(1,Common,0)","(1,Common,0)","(1,Uncommon,0)","(1,Uncommon,0)","(1,Uncommon,0)","(1,Uncommon,0)","(1,Rare,0)","(1,Rare,0)","(1,Legendary,0)"
58,Distro,4,15,2,Magellan,"(1,Common,1)","(1,Common,0)","(1,Common,0)","(1,Common,0)","(1,Common,0)","(1,Common,0)","(1,Common,0)","(1,Common,0)","(1,Uncommon,0)","(1,Uncommon,0)","(1,Uncommon,0)","(1,Uncommon,0)","(1,Rare,0)","(1,Rare,0)","(1,Legendary,0)"
40,Distro,3,10,4,Quantum,"(1,Common,1)","(1,Common,0)","(1,Common,0)","(1,Common,0)","(1,Common,0)","(1,Common,0)","(1,Common,0)","(1,Common,0)","(1,Uncommon,0)","(1,Uncommon,0)","(1,Uncommon,0)","(1,Uncommon,0)","(1,Rare,0)","(1,Rare,0)","(1,Legendary,0)"
160,Location,10,40,4,Tourist Area,"(1,Common,1)","(1,Common,0)","(1,Common,0)","(1,Common,0)","(1,Common,0)","(1,Common,0)","(1,Common,0)","(1,Common,0)","(1,Uncommon,0)","(1,Uncommon,0)","(1,Uncommon,0)","(1,Uncommon,0)","(1,Rare,0)","(1,Rare,0)","(1,Legendary,0)"
129,Location,9,33,1,Cafeteria,"(1,Common,1)","(1,Common,0)","(1,Common,0)","(1,Common,0)","(1,Common,0)","(1,Common,0)","(1,Common,0)","(1,Common,0)","(1,Uncommon,0)","(1,Uncommon,0)","(1,Uncommon,0)","(1,Uncommon,0)","(1,Rare,0)","(1,Rare,0)","(1,Legendary,0)"
251,Role,16,63,3,Logistics,"(1,Common,1)","(1,Common,0)","(1,Common,0)","(1,Common,0)","(1,Common,0)","(1,Common,0)","(1,Common,0)","(1,Common,0)","(1,Uncommon,0)","(1,Uncommon,0)","(1,Uncommon,0)","(1,Uncommon,0)","(1,Rare,0)","(1,Rare,0)","(1,Legendary,0)"
159,Location,10,40,3,Library,"(1,Common,1)","(1,Common,0)","(1,Common,0)","(1,Common,0)","(1,Common,0)","(1,Common,0)","(1,Common,0)","(1,Common,0)","(1,Uncommon,0)","(1,Uncommon,0)","(1,Uncommon,0)","(1,Uncommon,0)","(1,Rare,0)","(1,Rare,0)","(1,Legendary,0)"
190,Location,12,48,2,Derelict Building,"(1,Common,1)","(1,Common,0)","(1,Common,0)","(1,Common,0)","(1,Common,0)","(1,Common,0)","(1,Common,0)","(1,Common,0)","(1,Uncommon,0)","(1,Uncommon,0)","(1,Uncommon,0)","(1,Uncommon,0)","(1,Rare,0)","(1,Rare,0)","(1,Legendary,0)"
253,Role,16,64,1,Electrician,"(1,Common,1)","(1,Common,0)","(1,Common,0)","(1,Common,0)","(1,Common,0)","(1,Common,0)","(1,Common,0)","(1,Common,0)","(1,Uncommon,0)","(1,Uncommon,0)","(1,Uncommon,0)","(1,Uncommon,0)","(1,Rare,0)","(1,Rare,0)","(1,Legendary,0)"
227,Role,15,57,3,Payroll,"(1,Common,1)","(1,Common,0)","(1,Common,0)","(1,Common,0)","(1,Common,0)","(1,Common,0)","(1,Common,0)","(1,Common,0)","(1,Uncommon,0)","(1,Uncommon,0)","(1,Uncommon,0)","(1,Uncommon,0)","(1,Rare,0)","(1,Rare,0)","(1,Legendary,0)"
91,Institution,6,23,3,NACS,"(1,Common,1)","(1,Common,0)","(1,Common,0)","(1,Common,0)","(1,Common,0)","(1,Common,0)","(1,Common,0)","(1,Common,0)","(1,Uncommon,0)","(1,Uncommon,0)","(1,Uncommon,0)","(1,Uncommon,0)","(1,Rare,0)","(1,Rare,0)","(1,Legendary,0)"
8,Distro,1,2,4,Shimmer,"(1,Common,1)","(1,Common,0)","(1,Common,0)","(1,Common,0)","(1,Common,0)","(1,Common,0)","(1,Common,0)","(1,Common,0)","(1,Uncommon,0)","(1,Uncommon,0)","(1,Uncommon,0)","(1,Uncommon,0)","(1,Rare,0)","(1,Rare,0)","(1,Legendary,0)"
192,Location,12,48,4,War Driving,"(1,Common,1)","(1,Common,0)","(1,Common,0)","(1,Common,0)","(1,Common,0)","(1,Common,0)","(1,Common,0)","(1,Common,0)","(1,Uncommon,0)","(1,Uncommon,0)","(1,Uncommon,0)","(1,Uncommon,0)","(1,Rare,0)","(1,Rare,0)","(1,Legendary,0)"
106,Institution,7,27,2,Navi Systems,"(1,Common,1)","(1,Common,0)","(1,Common,0)","(1,Common,0)","(1,Common,0)","(1,Common,0)","(1,Common,0)","(1,Common,0)","(1,Uncommon,0)","(1,Uncommon,0)","(1,Uncommon,0)","(1,Uncommon,0)","(1,Rare,0)","(1,Rare,0)","(1,Legendary,0)"
110,Institution,7,28,2,NTOA,"(1,Common,1)","(1,Common,0)","(1,Common,0)","(1,Common,0)","(1,Common,0)","(1,Common,0)","(1,Common,0)","(1,Common,0)","(1,Uncommon,0)","(1,Uncommon,0)","(1,Uncommon,0)","(1,Uncommon,0)","(1,Rare,0)","(1,Rare,0)","(1,Legendary,0)"
168,Location,11,42,4,Urban,"(1,Common,1)","(1,Common,0)","(1,Common,0)","(1,Common,0)","(1,Common,0)","(1,Common,0)","(1,Common,0)","(1,Common,0)","(1,Uncommon,0)","(1,Uncommon,0)","(1,Uncommon,0)","(1,Uncommon,0)","(1,Rare,0)","(1,Rare,0)","(1,Legendary,0)"
48,Distro,3,12,4,Vortex,"(1,Common,1)","(1,Common,0)","(1,Common,0)","(1,Common,0)","(1,Common,0)","(1,Common,0)","(1,Common,0)","(1,Common,0)","(1,Uncommon,0)","(1,Uncommon,0)","(1,Uncommon,0)","(1,Uncommon,0)","(1,Rare,0)","(1,Rare,0)","(1,Legendary,0)"
231,Role,15,58,3,Facilities,"(1,Common,1)","(1,Common,0)","(1,Common,0)","(1,Common,0)","(1,Common,0)","(1,Common,0)","(1,Common,0)","(1,Common,0)","(1,Uncommon,0)","(1,Uncommon,0)","(1,Uncommon,0)","(1,Uncommon,0)","(1,Rare,0)","(1,Rare,0)","(1,Legendary,0)"
229,Role,15,58,1,Clerk,"(1,Common,1)","(1,Common,0)","(1,Common,0)","(1,Common,0)","(1,Common,0)","(1,Common,0)","(1,Common,0)","(1,Common,0)","(1,Uncommon,0)","(1,Uncommon,0)","(1,Uncommon,0)","(1,Uncommon,0)","(1,Rare,0)","(1,Rare,0)","(1,Legendary,0)"
81,Institution,6,21,1,GIS Egypt,"(1,Common,1)","(1,Common,0)","(1,Common,0)","(1,Common,0)","(1,Common,0)","(1,Common,0)","(1,Common,0)","(1,Common,0)","(1,Uncommon,0)","(1,Uncommon,0)","(1,Uncommon,0)","(1,Uncommon,0)","(1,Rare,0)","(1,Rare,0)","(1,Legendary,0)"
87,Institution,6,22,3,NIST,"(1,Common,1)","(1,Common,0)","(1,Common,0)","(1,Common,0)","(1,Common,0)","(1,Common,0)","(1,Common,0)","(1,Common,0)","(1,Uncommon,0)","(1,Uncommon,0)","(1,Uncommon,0)","(1,Uncommon,0)","(1,Rare,0)","(1,Rare,0)","(1,Legendary,0)"
52,Distro,4,13,4,Wonderland,"(1,Common,1)","(1,Common,0)","(1,Common,0)","(1,Common,0)","(1,Common,0)","(1,Common,0)","(1,Common,0)","(1,Common,0)","(1,Uncommon,0)","(1,Uncommon,0)","(1,Uncommon,0)","(1,Uncommon,0)","(1,Rare,0)","(1,Rare,0)","(1,Legendary,0)"
164,Location,11,41,4,Townhouse,"(1,Common,1)","(1,Common,0)","(1,Common,0)","(1,Common,0)","(1,Common,0)","(1,Common,0)","(1,Common,0)","(1,Common,0)","(1,Uncommon,0)","(1,Uncommon,0)","(1,Uncommon,0)","(1,Uncommon,0)","(1,Rare,0)","(1,Rare,0)","(1,Legendary,0)"
83,Institution,6,21,3,NRF | SAASTA,"(1,Common,1)","(1,Common,0)","(1,Common,0)","(1,Common,0)","(1,Common,0)","(1,Common,0)","(1,Common,0)","(1,Common,0)","(1,Uncommon,0)","(1,Uncommon,0)","(1,Uncommon,0)","(1,Uncommon,0)","(1,Rare,0)","(1,Rare,0)","(1,Legendary,0)"
104,Institution,7,26,4,Ukoyisa Productions,"(1,Common,1)","(1,Common,0)","(1,Common,0)","(1,Common,0)","(1,Common,0)","(1,Common,0)","(1,Common,0)","(1,Common,0)","(1,Uncommon,0)","(1,Uncommon,0)","(1,Uncommon,0)","(1,Uncommon,0)","(1,Rare,0)","(1,Rare,0)","(1,Legendary,0)"
139,Location,9,35,3,Private Room,"(1,Common,1)","(1,Common,0)","(1,Common,0)","(1,Common,0)","(1,Common,0)","(1,Common,0)","(1,Common,0)","(1,Common,0)","(1,Uncommon,0)","(1,Uncommon,0)","(1,Uncommon,0)","(1,Uncommon,0)","(1,Rare,0)","(1,Rare,0)","(1,Legendary,0)"
156,Location,10,39,4,Taproom,"(1,Common,1)","(1,Common,0)","(1,Common,0)","(1,Common,0)","(1,Common,0)","(1,Common,0)","(1,Common,0)","(1,Common,0)","(1,Uncommon,0)","(1,Uncommon,0)","(1,Uncommon,0)","(1,Uncommon,0)","(1,Rare,0)","(1,Rare,0)","(1,Legendary,0)"
31,Distro,2,8,3,Phoenix,"(1,Common,1)","(1,Common,0)","(1,Common,0)","(1,Common,0)","(1,Common,0)","(1,Common,0)","(1,Common,0)","(1,Common,0)","(1,Uncommon,0)","(1,Uncommon,0)","(1,Uncommon,0)","(1,Uncommon,0)","(1,Rare,0)","(1,Rare,0)","(1,Legendary,0)"
120,Institution,8,30,4,The Society,"(1,Common,1)","(1,Common,0)","(1,Common,0)","(1,Common,0)","(1,Common,0)","(1,Common,0)","(1,Common,0)","(1,Common,0)","(1,Uncommon,0)","(1,Uncommon,0)","(1,Uncommon,0)","(1,Uncommon,0)","(1,Rare,0)","(1,Rare,0)","(1,Legendary,0)"
155,Location,10,39,3,Restaurant,"(1,Common,1)","(1,Common,0)","(1,Common,0)","(1,Common,0)","(1,Common,0)","(1,Common,0)","(1,Common,0)","(1,Common,0)","(1,Uncommon,0)","(1,Uncommon,0)","(1,Uncommon,0)","(1,Uncommon,0)","(1,Rare,0)","(1,Rare,0)","(1,Legendary,0)"
46,Distro,3,12,2,Hermitage,"(1,Common,1)","(1,Common,0)","(1,Common,0)","(1,Common,0)","(1,Common,0)","(1,Common,0)","(1,Common,0)","(1,Common,0)","(1,Uncommon,0)","(1,Uncommon,0)","(1,Uncommon,0)","(1,Uncommon,0)","(1,Rare,0)","(1,Rare,0)","(1,Legendary,0)"
107,Institution,7,27,3,LiWA,"(1,Common,1)","(1,Common,0)","(1,Common,0)","(1,Common,0)","(1,Common,0)","(1,Common,0)","(1,Common,0)","(1,Common,0)","(1,Uncommon,0)","(1,Uncommon,0)","(1,Uncommon,0)","(1,Uncommon,0)","(1,Rare,0)","(1,Rare,0)","(1,Legendary,0)"
15,Distro,1,4,3,Quasar,"(1,Common,1)","(1,Common,0)","(1,Common,0)","(1,Common,0)","(1,Common,0)","(1,Common,0)","(1,Common,0)","(1,Common,0)","(1,Uncommon,0)","(1,Uncommon,0)","(1,Uncommon,0)","(1,Uncommon,0)","(1,Rare,0)","(1,Rare,0)","(1,Legendary,0)"
188,Location,12,47,4,POS Hole,"(1,Common,1)","(1,Common,0)","(1,Common,0)","(1,Common,0)","(1,Common,0)","(1,Common,0)","(1,Common,0)","(1,Common,0)","(1,Uncommon,0)","(1,Uncommon,0)","(1,Uncommon,0)","(1,Uncommon,0)","(1,Rare,0)","(1,Rare,0)","(1,Legendary,0)"
95,Institution,6,24,3,NKP,"(1,Common,1)","(1,Common,0)","(1,Common,0)","(1,Common,0)","(1,Common,0)","(1,Common,0)","(1,Common,0)","(1,Common,0)","(1,Uncommon,0)","(1,Uncommon,0)","(1,Uncommon,0)","(1,Uncommon,0)","(1,Rare,0)","(1,Rare,0)","(1,Legendary,0)"
88,Institution,6,22,4,Synco II,"(1,Common,1)","(1,Common,0)","(1,Common,0)","(1,Common,0)","(1,Common,0)","(1,Common,0)","(1,Common,0)","(1,Common,0)","(1,Uncommon,0)","(1,Uncommon,0)","(1,Uncommon,0)","(1,Uncommon,0)","(1,Rare,0)","(1,Rare,0)","(1,Legendary,0)"
187,Location,12,47,3,Police Station,"(1,Common,1)","(1,Common,0)","(1,Common,0)","(1,Common,0)","(1,Common,0)","(1,Common,0)","(1,Common,0)","(1,Common,0)","(1,Uncommon,0)","(1,Uncommon,0)","(1,Uncommon,0)","(1,Uncommon,0)","(1,Rare,0)","(1,Rare,0)","(1,Legendary,0)"
79,Institution,5,20,3,Sorbonne,"(1,Common,1)","(1,Common,0)","(1,Common,0)","(1,Common,0)","(1,Common,0)","(1,Common,0)","(1,Common,0)","(1,Common,0)","(1,Uncommon,0)","(1,Uncommon,0)","(1,Uncommon,0)","(1,Uncommon,0)","(1,Rare,0)","(1,Rare,0)","(1,Legendary,0)"
75,Institution,5,19,3,Nanyang Technological,"(1,Common,1)","(1,Common,0)","(1,Common,0)","(1,Common,0)","(1,Common,0)","(1,Common,0)","(1,Common,0)","(1,Common,0)","(1,Uncommon,0)","(1,Uncommon,0)","(1,Uncommon,0)","(1,Uncommon,0)","(1,Rare,0)","(1,Rare,0)","(1,Legendary,0)"
43,Distro,3,11,3,Majestic,"(1,Common,1)","(1,Common,0)","(1,Common,0)","(1,Common,0)","(1,Common,0)","(1,Common,0)","(1,Common,0)","(1,Common,0)","(1,Uncommon,0)","(1,Uncommon,0)","(1,Uncommon,0)","(1,Uncommon,0)","(1,Rare,0)","(1,Rare,0)","(1,Legendary,0)"
199,Role,13,50,3,Producer,"(1,Common,1)","(1,Common,0)","(1,Common,0)","(1,Common,0)","(1,Common,0)","(1,Common,0)","(1,Common,0)","(1,Common,0)","(1,Uncommon,0)","(1,Uncommon,0)","(1,Uncommon,0)","(1,Uncommon,0)","(1,Rare,0)","(1,Rare,0)","(1,Legendary,0)"
219,Role,14,55,3,Forensics,"(1,Common,1)","(1,Common,0)","(1,Common,0)","(1,Common,0)","(1,Common,0)","(1,Common,0)","(1,Common,0)","(1,Common,0)","(1,Uncommon,0)","(1,Uncommon,0)","(1,Uncommon,0)","(1,Uncommon,0)","(1,Rare,0)","(1,Rare,0)","(1,Legendary,0)"
20,Distro,2,5,4,Soul,"(1,Common,1)","(1,Common,0)","(1,Common,0)","(1,Common,0)","(1,Common,0)","(1,Common,0)","(1,Common,0)","(1,Common,0)","(1,Uncommon,0)","(1,Uncommon,0)","(1,Uncommon,0)","(1,Uncommon,0)","(1,Rare,0)","(1,Rare,0)","(1,Legendary,0)"
24,Distro,2,6,4,Zenith,"(1,Common,1)","(1,Common,0)","(1,Common,0)","(1,Common,0)","(1,Common,0)","(1,Common,0)","(1,Common,0)","(1,Common,0)","(1,Uncommon,0)","(1,Uncommon,0)","(1,Uncommon,0)","(1,Uncommon,0)","(1,Rare,0)","(1,Rare,0)","(1,Legendary,0)"
123,Institution,8,31,3,GigHello,"(1,Common,1)","(1,Common,0)","(1,Common,0)","(1,Common,0)","(1,Common,0)","(1,Common,0)","(1,Common,0)","(1,Common,0)","(1,Uncommon,0)","(1,Uncommon,0)","(1,Uncommon,0)","(1,Uncommon,0)","(1,Rare,0)","(1,Rare,0)","(1,Legendary,0)"
206,Role,13,52,2,Certification,"(1,Common,1)","(1,Common,0)","(1,Common,0)","(1,Common,0)","(1,Common,0)","(1,Common,0)","(1,Common,0)","(1,Common,0)","(1,Uncommon,0)","(1,Uncommon,0)","(1,Uncommon,0)","(1,Uncommon,0)","(1,Rare,0)","(1,Rare,0)","(1,Legendary,0)"
203,Role,13,51,3,Fullstack,"(1,Common,1)","(1,Common,0)","(1,Common,0)","(1,Common,0)","(1,Common,0)","(1,Common,0)","(1,Common,0)","(1,Common,0)","(1,Uncommon,0)","(1,Uncommon,0)","(1,Uncommon,0)","(1,Uncommon,0)","(1,Rare,0)","(1,Rare,0)","(1,Legendary,0)"
127,Institution,8,32,3,DistribuNet,"(1,Common,1)","(1,Common,0)","(1,Common,0)","(1,Common,0)","(1,Common,0)","(1,Common,0)","(1,Common,0)","(1,Common,0)","(1,Uncommon,0)","(1,Uncommon,0)","(1,Uncommon,0)","(1,Uncommon,0)","(1,Rare,0)","(1,Rare,0)","(1,Legendary,0)"
76,Institution,5,19,4,Universite de Sfax,"(1,Common,1)","(1,Common,0)","(1,Common,0)","(1,Common,0)","(1,Common,0)","(1,Common,0)","(1,Common,0)","(1,Common,0)","(1,Uncommon,0)","(1,Uncommon,0)","(1,Uncommon,0)","(1,Uncommon,0)","(1,Rare,0)","(1,Rare,0)","(1,Legendary,0)"
72,Institution,5,18,4,Zagazig University,"(1,Common,1)","(1,Common,0)","(1,Common,0)","(1,Common,0)","(1,Common,0)","(1,Common,0)","(1,Common,0)","(1,Common,0)","(1,Uncommon,0)","(1,Uncommon,0)","(1,Uncommon,0)","(1,Uncommon,0)","(1,Rare,0)","(1,Rare,0)","(1,Legendary,0)"
222,Role,14,56,2,Desktop Support,"(1,Common,1)","(1,Common,0)","(1,Common,0)","(1,Common,0)","(1,Common,0)","(1,Common,0)","(1,Common,0)","(1,Common,0)","(1,Uncommon,0)","(1,Uncommon,0)","(1,Uncommon,0)","(1,Uncommon,0)","(1,Rare,0)","(1,Rare,0)","(1,Legendary,0)"
136,Location,9,34,4,Single Unit,"(1,Common,1)","(1,Common,0)","(1,Common,0)","(1,Common,0)","(1,Common,0)","(1,Common,0)","(1,Common,0)","(1,Common,0)","(1,Uncommon,0)","(1,Uncommon,0)","(1,Uncommon,0)","(1,Uncommon,0)","(1,Rare,0)","(1,Rare,0)","(1,Legendary,0)"
140,Location,9,35,4,Reception,"(1,Common,1)","(1,Common,0)","(1,Common,0)","(1,Common,0)","(1,Common,0)","(1,Common,0)","(1,Common,0)","(1,Common,0)","(1,Uncommon,0)","(1,Uncommon,0)","(1,Uncommon,0)","(1,Uncommon,0)","(1,Rare,0)","(1,Rare,0)","(1,Legendary,0)"
215,Role,14,54,3,Repair,"(1,Common,1)","(1,Common,0)","(1,Common,0)","(1,Common,0)","(1,Common,0)","(1,Common,0)","(1,Common,0)","(1,Common,0)","(1,Uncommon,0)","(1,Uncommon,0)","(1,Uncommon,0)","(1,Uncommon,0)","(1,Rare,0)","(1,Rare,0)","(1,Legendary,0)"
143,Location,9,36,3,Meeting Room,"(1,Common,1)","(1,Common,0)","(1,Common,0)","(1,Common,0)","(1,Common,0)","(1,Common,0)","(1,Common,0)","(1,Common,0)","(1,Uncommon,0)","(1,Uncommon,0)","(1,Uncommon,0)","(1,Uncommon,0)","(1,Rare,0)","(1,Rare,0)","(1,Legendary,0)"
218,Role,14,55,2,Archivist,"(1,Common,1)","(1,Common,0)","(1,Common,0)","(1,Common,0)","(1,Common,0)","(1,Common,0)","(1,Common,0)","(1,Common,0)","(1,Uncommon,0)","(1,Uncommon,0)","(1,Uncommon,0)","(1,Uncommon,0)","(1,Rare,0)","(1,Rare,0)","(1,Legendary,0)"
135,Location,9,34,3,Shared Unit,"(1,Common,1)","(1,Common,0)","(1,Common,0)","(1,Common,0)","(1,Common,0)","(1,Common,0)","(1,Common,0)","(1,Common,0)","(1,Uncommon,0)","(1,Uncommon,0)","(1,Uncommon,0)","(1,Uncommon,0)","(1,Rare,0)","(1,Rare,0)","(1,Legendary,0)"
191,Location,12,48,3,Open Access Point,"(1,Common,1)","(1,Common,0)","(1,Common,0)","(1,Common,0)","(1,Common,0)","(1,Common,0)","(1,Common,0)","(1,Common,0)","(1,Uncommon,0)","(1,Uncommon,0)","(1,Uncommon,0)","(1,Uncommon,0)","(1,Rare,0)","(1,Rare,0)","(1,Legendary,0)"
3,Distro,1,1,3,Hobbit,"(1,Common,1)","(1,Common,0)","(1,Common,0)","(1,Common,0)","(1,Common,0)","(1,Common,0)","(1,Common,0)","(1,Common,0)","(1,Uncommon,0)","(1,Uncommon,0)","(1,Uncommon,0)","(1,Uncommon,0)","(1,Rare,0)","(1,Rare,0)","(1,Legendary,0)"
144,Location,9,36,4,Office,"(1,Common,1)","(1,Common,0)","(1,Common,0)","(1,Common,0)","(1,Common,0)","(1,Common,0)","(1,Common,0)","(1,Common,0)","(1,Uncommon,0)","(1,Uncommon,0)","(1,Uncommon,0)","(1,Uncommon,0)","(1,Rare,0)","(1,Rare,0)","(1,Legendary,0)"
152,Location,10,38,4,Study Hall,"(1,Common,1)","(1,Common,0)","(1,Common,0)","(1,Common,0)","(1,Common,0)","(1,Common,0)","(1,Common,0)","(1,Common,0)","(1,Uncommon,0)","(1,Uncommon,0)","(1,Uncommon,0)","(1,Uncommon,0)","(1,Rare,0)","(1,Rare,0)","(1,Legendary,0)"
175,Location,11,44,3,Hostel,"(1,Common,1)","(1,Common,0)","(1,Common,0)","(1,Common,0)","(1,Common,0)","(1,Common,0)","(1,Common,0)","(1,Common,0)","(1,Uncommon,0)","(1,Uncommon,0)","(1,Uncommon,0)","(1,Uncommon,0)","(1,Rare,0)","(1,Rare,0)","(1,Legendary,0)"
51,Distro,4,13,3,Nirvana,"(1,Common,1)","(1,Common,0)","(1,Common,0)","(1,Common,0)","(1,Common,0)","(1,Common,0)","(1,Common,0)","(1,Common,0)","(1,Uncommon,0)","(1,Uncommon,0)","(1,Uncommon,0)","(1,Uncommon,0)","(1,Rare,0)","(1,Rare,0)","(1,Legendary,0)"
27,Distro,2,7,3,Kraken,"(1,Common,1)","(1,Common,0)","(1,Common,0)","(1,Common,0)","(1,Common,0)","(1,Common,0)","(1,Common,0)","(1,Common,0)","(1,Uncommon,0)","(1,Uncommon,0)","(1,Uncommon,0)","(1,Uncommon,0)","(1,Rare,0)","(1,Rare,0)","(1,Legendary,0)"
116,Institution,8,29,4,ReNu,"(1,Common,1)","(1,Common,0)","(1,Common,0)","(1,Common,0)","(1,Common,0)","(1,Common,0)","(1,Common,0)","(1,Common,0)","(1,Uncommon,0)","(1,Uncommon,0)","(1,Uncommon,0)","(1,Uncommon,0)","(1,Rare,0)","(1,Rare,0)","(1,Legendary,0)"
202,Role,13,51,2,Frontend,"(1,Common,1)","(1,Common,0)","(1,Common,0)","(1,Common,0)","(1,Common,0)","(1,Common,0)","(1,Common,0)","(1,Common,0)","(1,Uncommon,0)","(1,Uncommon,0)","(1,Uncommon,0)","(1,Uncommon,0)","(1,Rare,0)","(1,Rare,0)","(1,Legendary,0)"
111,Institution,7,28,3,Gubat,"(1,Common,1)","(1,Common,0)","(1,Common,0)","(1,Common,0)","(1,Common,0)","(1,Common,0)","(1,Common,0)","(1,Common,0)","(1,Uncommon,0)","(1,Uncommon,0)","(1,Uncommon,0)","(1,Uncommon,0)","(1,Rare,0)","(1,Rare,0)","(1,Legendary,0)"
92,Institution,6,23,4,NLI,"(1,Common,1)","(1,Common,0)","(1,Common,0)","(1,Common,0)","(1,Common,0)","(1,Common,0)","(1,Common,0)","(1,Common,0)","(1,Uncommon,0)","(1,Uncommon,0)","(1,Uncommon,0)","(1,Uncommon,0)","(1,Rare,0)","(1,Rare,0)","(1,Legendary,0)"
226,Role,15,57,2,Comptroller,"(1,Common,1)","(1,Common,0)","(1,Common,0)","(1,Common,0)","(1,Common,0)","(1,Common,0)","(1,Common,0)","(1,Common,0)","(1,Uncommon,0)","(1,Uncommon,0)","(1,Uncommon,0)","(1,Uncommon,0)","(1,Rare,0)","(1,Rare,0)","(1,Legendary,0)"
183,Location,12,46,3,Network Closet,"(1,Common,1)","(1,Common,0)","(1,Common,0)","(1,Common,0)","(1,Common,0)","(1,Common,0)","(1,Common,0)","(1,Common,0)","(1,Uncommon,0)","(1,Uncommon,0)","(1,Uncommon,0)","(1,Uncommon,0)","(1,Rare,0)","(1,Rare,0)","(1,Legendary,0)"
47,Distro,3,12,3,Terraforming,"(1,Common,1)","(1,Common,0)","(1,Common,0)","(1,Common,0)","(1,Common,0)","(1,Common,0)","(1,Common,0)","(1,Common,0)","(1,Uncommon,0)","(1,Uncommon,0)","(1,Uncommon,0)","(1,Uncommon,0)","(1,Rare,0)","(1,Rare,0)","(1,Legendary,0)"
238,Role,15,60,2,Brand Management,"(1,Common,1)","(1,Common,0)","(1,Common,0)","(1,Common,0)","(1,Common,0)","(1,Common,0)","(1,Common,0)","(1,Common,0)","(1,Uncommon,0)","(1,Uncommon,0)","(1,Uncommon,0)","(1,Uncommon,0)","(1,Rare,0)","(1,Rare,0)","(1,Legendary,0)"
234,Role,15,59,2,Business Partner,"(1,Common,1)","(1,Common,0)","(1,Common,0)","(1,Common,0)","(1,Common,0)","(1,Common,0)","(1,Common,0)","(1,Common,0)","(1,Uncommon,0)","(1,Uncommon,0)","(1,Uncommon,0)","(1,Uncommon,0)","(1,Rare,0)","(1,Rare,0)","(1,Legendary,0)"
84,Institution,6,21,4,SITA,"(1,Common,1)","(1,Common,0)","(1,Common,0)","(1,Common,0)","(1,Common,0)","(1,Common,0)","(1,Common,0)","(1,Common,0)","(1,Uncommon,0)","(1,Uncommon,0)","(1,Uncommon,0)","(1,Uncommon,0)","(1,Rare,0)","(1,Rare,0)","(1,Legendary,0)"
254,Role,16,64,2,HVAC,"(1,Common,1)","(1,Common,0)","(1,Common,0)","(1,Common,0)","(1,Common,0)","(1,Common,0)","(1,Common,0)","(1,Common,0)","(1,Uncommon,0)","(1,Uncommon,0)","(1,Uncommon,0)","(1,Uncommon,0)","(1,Rare,0)","(1,Rare,0)","(1,Legendary,0)"
59,Distro,4,15,3,Oasis,"(1,Common,1)","(1,Common,0)","(1,Common,0)","(1,Common,0)","(1,Common,0)","(1,Common,0)","(1,Common,0)","(1,Common,0)","(1,Uncommon,0)","(1,Uncommon,0)","(1,Uncommon,0)","(1,Uncommon,0)","(1,Rare,0)","(1,Rare,0)","(1,Legendary,0)"
68,Institution,5,17,4,TU Berlin,"(1,Common,1)","(1,Common,0)","(1,Common,0)","(1,Common,0)","(1,Common,0)","(1,Common,0)","(1,Common,0)","(1,Common,0)","(1,Uncommon,0)","(1,Uncommon,0)","(1,Uncommon,0)","(1,Uncommon,0)","(1,Rare,0)","(1,Rare,0)","(1,Legendary,0)"
55,Distro,4,14,3,Mythos,"(1,Common,1)","(1,Common,0)","(1,Common,0)","(1,Common,0)","(1,Common,0)","(1,Common,0)","(1,Common,0)","(1,Common,0)","(1,Uncommon,0)","(1,Uncommon,0)","(1,Uncommon,0)","(1,Uncommon,0)","(1,Rare,0)","(1,Rare,0)","(1,Legendary,0)"
250,Role,16,63,2,Inventory Control,"(1,Common,1)","(1,Common,0)","(1,Common,0)","(1,Common,0)","(1,Common,0)","(1,Common,0)","(1,Common,0)","(1,Common,0)","(1,Uncommon,0)","(1,Uncommon,0)","(1,Uncommon,0)","(1,Uncommon,0)","(1,Rare,0)","(1,Rare,0)","(1,Legendary,0)"
167,Location,11,42,3,Suburban,"(1,Common,1)","(1,Common,0)","(1,Common,0)","(1,Common,0)","(1,Common,0)","(1,Common,0)","(1,Common,0)","(1,Common,0)","(1,Uncommon,0)","(1,Uncommon,0)","(1,Uncommon,0)","(1,Uncommon,0)","(1,Rare,0)","(1,Rare,0)","(1,Legendary,0)"
171,Location,11,43,3,Lobby,"(1,Common,1)","(1,Common,0)","(1,Common,0)","(1,Common,0)","(1,Common,0)","(1,Common,0)","(1,Common,0)","(1,Common,0)","(1,Uncommon,0)","(1,Uncommon,0)","(1,Uncommon,0)","(1,Uncommon,0)","(1,Rare,0)","(1,Rare,0)","(1,Legendary,0)"
7,Distro,1,2,3,Lucid,"(1,Common,1)","(1,Common,0)","(1,Common,0)","(1,Common,0)","(1,Common,0)","(1,Common,0)","(1,Common,0)","(1,Common,0)","(1,Uncommon,0)","(1,Uncommon,0)","(1,Uncommon,0)","(1,Uncommon,0)","(1,Rare,0)","(1,Rare,0)","(1,Legendary,0)"
63,Distro,4,16,3,Harmony,"(1,Common,1)","(1,Common,0)","(1,Common,0)","(1,Common,0)","(1,Common,0)","(1,Common,0)","(1,Common,0)","(1,Common,0)","(1,Uncommon,0)","(1,Uncommon,0)","(1,Uncommon,0)","(1,Uncommon,0)","(1,Rare,0)","(1,Rare,0)","(1,Legendary,0)"
35,Distro,3,9,3,Illusion,"(1,Common,1)","(1,Common,0)","(1,Common,0)","(1,Common,0)","(1,Common,0)","(1,Common,0)","(1,Common,0)","(1,Common,0)","(1,Uncommon,0)","(1,Uncommon,0)","(1,Uncommon,0)","(1,Uncommon,0)","(1,Rare,0)","(1,Rare,0)","(1,Legendary,0)"
80,Institution,5,20,4,UC Berkeley,"(1,Common,1)","(1,Common,0)","(1,Common,0)","(1,Common,0)","(1,Common,0)","(1,Common,0)","(1,Common,0)","(1,Common,0)","(1,Uncommon,0)","(1,Uncommon,0)","(1,Uncommon,0)","(1,Uncommon,0)","(1,Rare,0)","(1,Rare,0)","(1,Legendary,0)"
241,Role,16,61,1,Cleaning,"(1,Common,1)","(1,Common,0)","(1,Common,0)","(1,Common,0)","(1,Common,0)","(1,Common,0)","(1,Common,0)","(1,Common,0)","(1,Uncommon,0)","(1,Uncommon,0)","(1,Uncommon,0)","(1,Uncommon,0)","(1,Rare,0)","(1,Rare,0)","(1,Legendary,0)"
214,Role,14,54,2,PC Build,"(1,Common,1)","(1,Common,0)","(1,Common,0)","(1,Common,0)","(1,Common,0)","(1,Common,0)","(1,Common,0)","(1,Common,0)","(1,Uncommon,0)","(1,Uncommon,0)","(1,Uncommon,0)","(1,Uncommon,0)","(1,Rare,0)","(1,Rare,0)","(1,Legendary,0)"
236,Role,15,59,4,Relations,"(1,Common,1)","(1,Common,0)","(1,Common,0)","(1,Common,0)","(1,Common,0)","(1,Common,0)","(1,Common,0)","(1,Common,0)","(1,Uncommon,0)","(1,Uncommon,0)","(1,Uncommon,0)","(1,Uncommon,0)","(1,Rare,0)","(1,Rare,0)","(1,Legendary,0)"
125,Institution,8,32,1,B-Ware,"(1,Common,1)","(1,Common,0)","(1,Common,0)","(1,Common,0)","(1,Common,0)","(1,Common,0)","(1,Common,0)","(1,Common,0)","(1,Uncommon,0)","(1,Uncommon,0)","(1,Uncommon,0)","(1,Uncommon,0)","(1,Rare,0)","(1,Rare,0)","(1,Legendary,0)"
128,Institution,8,32,4,OpenSesame,"(1,Common,1)","(1,Common,0)","(1,Common,0)","(1,Common,0)","(1,Common,0)","(1,Common,0)","(1,Common,0)","(1,Common,0)","(1,Uncommon,0)","(1,Uncommon,0)","(1,Uncommon,0)","(1,Uncommon,0)","(1,Rare,0)","(1,Rare,0)","(1,Legendary,0)"
6,Distro,1,2,2,Fantasia,"(1,Common,1)","(1,Common,0)","(1,Common,0)","(1,Common,0)","(1,Common,0)","(1,Common,0)","(1,Common,0)","(1,Common,0)","(1,Uncommon,0)","(1,Uncommon,0)","(1,Uncommon,0)","(1,Uncommon,0)","(1,Rare,0)","(1,Rare,0)","(1,Legendary,0)"
148,Location,10,37,4,Shipping Center,"(1,Common,1)","(1,Common,0)","(1,Common,0)","(1,Common,0)","(1,Common,0)","(1,Common,0)","(1,Common,0)","(1,Common,0)","(1,Uncommon,0)","(1,Uncommon,0)","(1,Uncommon,0)","(1,Uncommon,0)","(1,Rare,0)","(1,Rare,0)","(1,Legendary,0)"
66,Institution,5,17,3,Drexel,"(1,Common,1)","(1,Common,0)","(1,Common,0)","(1,Common,0)","(1,Common,0)","(1,Common,0)","(1,Common,0)","(1,Common,0)","(1,Uncommon,0)","(1,Uncommon,0)","(1,Uncommon,0)","(1,Uncommon,0)","(1,Rare,0)","(1,Rare,0)","(1,Legendary,0)"
211,Role,14,53,3,Telemetry,"(1,Common,1)","(1,Common,0)","(1,Common,0)","(1,Common,0)","(1,Common,0)","(1,Common,0)","(1,Common,0)","(1,Common,0)","(1,Uncommon,0)","(1,Uncommon,0)","(1,Uncommon,0)","(1,Uncommon,0)","(1,Rare,0)","(1,Rare,0)","(1,Legendary,0)"
209,Role,14,53,1,Database Admin,"(1,Common,1)","(1,Common,0)","(1,Common,0)","(1,Common,0)","(1,Common,0)","(1,Common,0)","(1,Common,0)","(1,Common,0)","(1,Uncommon,0)","(1,Uncommon,0)","(1,Uncommon,0)","(1,Uncommon,0)","(1,Rare,0)","(1,Rare,0)","(1,Legendary,0)"
38,Distro,3,10,2,Lightspeed,"(1,Common,1)","(1,Common,0)","(1,Common,0)","(1,Common,0)","(1,Common,0)","(1,Common,0)","(1,Common,0)","(1,Common,0)","(1,Uncommon,0)","(1,Uncommon,0)","(1,Uncommon,0)","(1,Uncommon,0)","(1,Rare,0)","(1,Rare,0)","(1,Legendary,0)"
93,Institution,6,24,1,CERT,"(1,Common,1)","(1,Common,0)","(1,Common,0)","(1,Common,0)","(1,Common,0)","(1,Common,0)","(1,Common,0)","(1,Common,0)","(1,Uncommon,0)","(1,Uncommon,0)","(1,Uncommon,0)","(1,Uncommon,0)","(1,Rare,0)","(1,Rare,0)","(1,Legendary,0)"
180,Location,12,45,4,Traffic Control,"(1,Common,1)","(1,Common,0)","(1,Common,0)","(1,Common,0)","(1,Common,0)","(1,Common,0)","(1,Common,0)","(1,Common,0)","(1,Uncommon,0)","(1,Uncommon,0)","(1,Uncommon,0)","(1,Uncommon,0)","(1,Rare,0)","(1,Rare,0)","(1,Legendary,0)"
207,Role,13,52,3,Dev Support,"(1,Common,1)","(1,Common,0)","(1,Common,0)","(1,Common,0)","(1,Common,0)","(1,Common,0)","(1,Common,0)","(1,Common,0)","(1,Uncommon,0)","(1,Uncommon,0)","(1,Uncommon,0)","(1,Uncommon,0)","(1,Rare,0)","(1,Rare,0)","(1,Legendary,0)"
243,Role,16,61,3,Janitorial,"(1,Common,1)","(1,Common,0)","(1,Common,0)","(1,Common,0)","(1,Common,0)","(1,Common,0)","(1,Common,0)","(1,Common,0)","(1,Uncommon,0)","(1,Uncommon,0)","(1,Uncommon,0)","(1,Uncommon,0)","(1,Rare,0)","(1,Rare,0)","(1,Legendary,0)"
39,Distro,3,10,3,Paradox,"(1,Common,1)","(1,Common,0)","(1,Common,0)","(1,Common,0)","(1,Common,0)","(1,Common,0)","(1,Common,0)","(1,Common,0)","(1,Uncommon,0)","(1,Uncommon,0)","(1,Uncommon,0)","(1,Uncommon,0)","(1,Rare,0)","(1,Rare,0)","(1,Legendary,0)"
99,Institution,7,25,3,Olsgolon PLC,"(1,Common,1)","(1,Common,0)","(1,Common,0)","(1,Common,0)","(1,Common,0)","(1,Common,0)","(1,Common,0)","(1,Common,0)","(1,Uncommon,0)","(1,Uncommon,0)","(1,Uncommon,0)","(1,Uncommon,0)","(1,Rare,0)","(1,Rare,0)","(1,Legendary,0)"
28,Distro,2,7,4,Skynet,"(1,Common,1)","(1,Common,0)","(1,Common,0)","(1,Common,0)","(1,Common,0)","(1,Common,0)","(1,Common,0)","(1,Common,0)","(1,Uncommon,0)","(1,Uncommon,0)","(1,Uncommon,0)","(1,Uncommon,0)","(1,Rare,0)","(1,Rare,0)","(1,Legendary,0)"
29,Distro,2,8,1,Firebird,"(1,Common,1)","(1,Common,0)","(1,Common,0)","(1,Common,0)","(1,Common,0)","(1,Common,0)","(1,Common,0)","(1,Common,0)","(1,Uncommon,0)","(1,Uncommon,0)","(1,Uncommon,0)","(1,Uncommon,0)","(1,Rare,0)","(1,Rare,0)","(1,Legendary,0)"
149,Location,10,38,1,Classroom,"(1,Common,1)","(1,Common,0)","(1,Common,0)","(1,Common,0)","(1,Common,0)","(1,Common,0)","(1,Common,0)","(1,Common,0)","(1,Uncommon,0)","(1,Uncommon,0)","(1,Uncommon,0)","(1,Uncommon,0)","(1,Rare,0)","(1,Rare,0)","(1,Legendary,0)"
126,Institution,8,32,2,FOFA Foundation,"(1,Common,1)","(1,Common,0)","(1,Common,0)","(1,Common,0)","(1,Common,0)","(1,Common,0)","(1,Common,0)","(1,Common,0)","(1,Uncommon,0)","(1,Uncommon,0)","(1,Uncommon,0)","(1,Uncommon,0)","(1,Rare,0)","(1,Rare,0)","(1,Legendary,0)"
150,Location,10,38,2,Commons,"(1,Common,1)","(1,Common,0)","(1,Common,0)","(1,Common,0)","(1,Common,0)","(1,Common,0)","(1,Common,0)","(1,Common,0)","(1,Uncommon,0)","(1,Uncommon,0)","(1,Uncommon,0)","(1,Uncommon,0)","(1,Rare,0)","(1,Rare,0)","(1,Legendary,0)"
204,Role,13,51,4,Systems,"(1,Common,1)","(1,Common,0)","(1,Common,0)","(1,Common,0)","(1,Common,0)","(1,Common,0)","(1,Common,0)","(1,Common,0)","(1,Uncommon,0)","(1,Uncommon,0)","(1,Uncommon,0)","(1,Uncommon,0)","(1,Rare,0)","(1,Rare,0)","(1,Legendary,0)"
246,Role,16,62,2,Event Staff,"(1,Common,1)","(1,Common,0)","(1,Common,0)","(1,Common,0)","(1,Common,0)","(1,Common,0)","(1,Common,0)","(1,Common,0)","(1,Uncommon,0)","(1,Uncommon,0)","(1,Uncommon,0)","(1,Uncommon,0)","(1,Rare,0)","(1,Rare,0)","(1,Legendary,0)"
240,Role,15,60,4,Social Media,"(1,Common,1)","(1,Common,0)","(1,Common,0)","(1,Common,0)","(1,Common,0)","(1,Common,0)","(1,Common,0)","(1,Common,0)","(1,Uncommon,0)","(1,Uncommon,0)","(1,Uncommon,0)","(1,Uncommon,0)","(1,Rare,0)","(1,Rare,0)","(1,Legendary,0)"
242,Role,16,61,2,Groundskeeping,"(1,Common,1)","(1,Common,0)","(1,Common,0)","(1,Common,0)","(1,Common,0)","(1,Common,0)","(1,Common,0)","(1,Common,0)","(1,Uncommon,0)","(1,Uncommon,0)","(1,Uncommon,0)","(1,Uncommon,0)","(1,Rare,0)","(1,Rare,0)","(1,Legendary,0)"
98,Institution,7,25,2,Njala Corp,"(1,Common,1)","(1,Common,0)","(1,Common,0)","(1,Common,0)","(1,Common,0)","(1,Common,0)","(1,Common,0)","(1,Common,0)","(1,Uncommon,0)","(1,Uncommon,0)","(1,Uncommon,0)","(1,Uncommon,0)","(1,Rare,0)","(1,Rare,0)","(1,Legendary,0)"
96,Institution,6,24,4,VNIIPAS-B,"(1,Common,1)","(1,Common,0)","(1,Common,0)","(1,Common,0)","(1,Common,0)","(1,Common,0)","(1,Common,0)","(1,Common,0)","(1,Uncommon,0)","(1,Uncommon,0)","(1,Uncommon,0)","(1,Uncommon,0)","(1,Rare,0)","(1,Rare,0)","(1,Legendary,0)"
179,Location,12,45,3,Smart Meter,"(1,Common,1)","(1,Common,0)","(1,Common,0)","(1,Common,0)","(1,Common,0)","(1,Common,0)","(1,Common,0)","(1,Common,0)","(1,Uncommon,0)","(1,Uncommon,0)","(1,Uncommon,0)","(1,Uncommon,0)","(1,Rare,0)","(1,Rare,0)","(1,Legendary,0)"
178,Location,12,45,2,Power Station,"(1,Common,1)","(1,Common,0)","(1,Common,0)","(1,Common,0)","(1,Common,0)","(1,Common,0)","(1,Common,0)","(1,Common,0)","(1,Uncommon,0)","(1,Uncommon,0)","(1,Uncommon,0)","(1,Uncommon,0)","(1,Rare,0)","(1,Rare,0)","(1,Legendary,0)"
176,Location,11,44,4,Shelter,"(1,Common,1)","(1,Common,0)","(1,Common,0)","(1,Common,0)","(1,Common,0)","(1,Common,0)","(1,Common,0)","(1,Common,0)","(1,Uncommon,0)","(1,Uncommon,0)","(1,Uncommon,0)","(1,Uncommon,0)","(1,Rare,0)","(1,Rare,0)","(1,Legendary,0)"
177,Location,12,45,1,Emergency Services,"(1,Common,1)","(1,Common,0)","(1,Common,0)","(1,Common,0)","(1,Common,0)","(1,Common,0)","(1,Common,0)","(1,Common,0)","(1,Uncommon,0)","(1,Uncommon,0)","(1,Uncommon,0)","(1,Uncommon,0)","(1,Rare,0)","(1,Rare,0)","(1,Legendary,0)"
103,Institution,7,26,3,Mmeri,"(1,Common,1)","(1,Common,0)","(1,Common,0)","(1,Common,0)","(1,Common,0)","(1,Common,0)","(1,Common,0)","(1,Common,0)","(1,Uncommon,0)","(1,Uncommon,0)","(1,Uncommon,0)","(1,Uncommon,0)","(1,Rare,0)","(1,Rare,0)","(1,Legendary,0)"
100,Institution,7,25,4,Shim Shi Li,"(1,Common,1)","(1,Common,0)","(1,Common,0)","(1,Common,0)","(1,Common,0)","(1,Common,0)","(1,Common,0)","(1,Common,0)","(1,Uncommon,0)","(1,Uncommon,0)","(1,Uncommon,0)","(1,Uncommon,0)","(1,Rare,0)","(1,Rare,0)","(1,Legendary,0)"
213,Role,14,54,1,Networking,"(1,Common,1)","(1,Common,0)","(1,Common,0)","(1,Common,0)","(1,Common,0)","(1,Common,0)","(1,Common,0)","(1,Common,0)","(1,Uncommon,0)","(1,Uncommon,0)","(1,Uncommon,0)","(1,Uncommon,0)","(1,Rare,0)","(1,Rare,0)","(1,Legendary,0)"
210,Role,14,53,2,Reliability,"(1,Common,1)","(1,Common,0)","(1,Common,0)","(1,Common,0)","(1,Common,0)","(1,Common,0)","(1,Common,0)","(1,Common,0)","(1,Uncommon,0)","(1,Uncommon,0)","(1,Uncommon,0)","(1,Uncommon,0)","(1,Rare,0)","(1,Rare,0)","(1,Legendary,0)"
205,Role,13,52,1,Build,"(1,Common,1)","(1,Common,0)","(1,Common,0)","(1,Common,0)","(1,Common,0)","(1,Common,0)","(1,Common,0)","(1,Common,0)","(1,Uncommon,0)","(1,Uncommon,0)","(1,Uncommon,0)","(1,Uncommon,0)","(1,Rare,0)","(1,Rare,0)","(1,Legendary,0)"
145,Location,10,37,1,Dealership,"(1,Common,1)","(1,Common,0)","(1,Common,0)","(1,Common,0)","(1,Common,0)","(1,Common,0)","(1,Common,0)","(1,Common,0)","(1,Uncommon,0)","(1,Uncommon,0)","(1,Uncommon,0)","(1,Uncommon,0)","(1,Rare,0)","(1,Rare,0)","(1,Legendary,0)"
2,Distro,1,1,2,Faerie,"(1,Common,1)","(1,Common,0)","(1,Common,0)","(1,Common,0)","(1,Common,0)","(1,Common,0)","(1,Common,0)","(1,Common,0)","(1,Uncommon,0)","(1,Uncommon,0)","(1,Uncommon,0)","(1,Uncommon,0)","(1,Rare,0)","(1,Rare,0)","(1,Legendary,0)"
124,Institution,8,31,4,Tenure,"(1,Common,1)","(1,Common,0)","(1,Common,0)","(1,Common,0)","(1,Common,0)","(1,Common,0)","(1,Common,0)","(1,Common,0)","(1,Uncommon,0)","(1,Uncommon,0)","(1,Uncommon,0)","(1,Uncommon,0)","(1,Rare,0)","(1,Rare,0)","(1,Legendary,0)"
151,Location,10,38,3,Lab,"(1,Common,1)","(1,Common,0)","(1,Common,0)","(1,Common,0)","(1,Common,0)","(1,Common,0)","(1,Common,0)","(1,Common,0)","(1,Uncommon,0)","(1,Uncommon,0)","(1,Uncommon,0)","(1,Uncommon,0)","(1,Rare,0)","(1,Rare,0)","(1,Legendary,0)"
245,Role,16,62,1,Checkpoint,"(1,Common,1)","(1,Common,0)","(1,Common,0)","(1,Common,0)","(1,Common,0)","(1,Common,0)","(1,Common,0)","(1,Common,0)","(1,Uncommon,0)","(1,Uncommon,0)","(1,Uncommon,0)","(1,Uncommon,0)","(1,Rare,0)","(1,Rare,0)","(1,Legendary,0)"
174,Location,11,44,2,Dormitory,"(1,Common,1)","(1,Common,0)","(1,Common,0)","(1,Common,0)","(1,Common,0)","(1,Common,0)","(1,Common,0)","(1,Common,0)","(1,Uncommon,0)","(1,Uncommon,0)","(1,Uncommon,0)","(1,Uncommon,0)","(1,Rare,0)","(1,Rare,0)","(1,Legendary,0)"
42,Distro,3,11,2,Khepri,"(1,Common,1)","(1,Common,0)","(1,Common,0)","(1,Common,0)","(1,Common,0)","(1,Common,0)","(1,Common,0)","(1,Common,0)","(1,Uncommon,0)","(1,Uncommon,0)","(1,Uncommon,0)","(1,Uncommon,0)","(1,Rare,0)","(1,Rare,0)","(1,Legendary,0)"
67,Institution,5,17,2,Tsinghua University,"(1,Common,1)","(1,Common,0)","(1,Common,0)","(1,Common,0)","(1,Common,0)","(1,Common,0)","(1,Common,0)","(1,Common,0)","(1,Uncommon,0)","(1,Uncommon,0)","(1,Uncommon,0)","(1,Uncommon,0)","(1,Rare,0)","(1,Rare,0)","(1,Legendary,0)"
32,Distro,2,8,4,Resurrection,"(1,Common,1)","(1,Common,0)","(1,Common,0)","(1,Common,0)","(1,Common,0)","(1,Common,0)","(1,Common,0)","(1,Common,0)","(1,Uncommon,0)","(1,Uncommon,0)","(1,Uncommon,0)","(1,Uncommon,0)","(1,Rare,0)","(1,Rare,0)","(1,Legendary,0)"
182,Location,12,46,2,Foyer,"(1,Common,1)","(1,Common,0)","(1,Common,0)","(1,Common,0)","(1,Common,0)","(1,Common,0)","(1,Common,0)","(1,Common,0)","(1,Uncommon,0)","(1,Uncommon,0)","(1,Uncommon,0)","(1,Uncommon,0)","(1,Rare,0)","(1,Rare,0)","(1,Legendary,0)"
89,Institution,6,23,1,CAC,"(1,Common,1)","(1,Common,0)","(1,Common,0)","(1,Common,0)","(1,Common,0)","(1,Common,0)","(1,Common,0)","(1,Common,0)","(1,Uncommon,0)","(1,Uncommon,0)","(1,Uncommon,0)","(1,Uncommon,0)","(1,Rare,0)","(1,Rare,0)","(1,Legendary,0)"
184,Location,12,46,4,Service Room,"(1,Common,1)","(1,Common,0)","(1,Common,0)","(1,Common,0)","(1,Common,0)","(1,Common,0)","(1,Common,0)","(1,Common,0)","(1,Uncommon,0)","(1,Uncommon,0)","(1,Uncommon,0)","(1,Uncommon,0)","(1,Rare,0)","(1,Rare,0)","(1,Legendary,0)"
208,Role,13,52,4,Test,"(1,Common,1)","(1,Common,0)","(1,Common,0)","(1,Common,0)","(1,Common,0)","(1,Common,0)","(1,Common,0)","(1,Common,0)","(1,Uncommon,0)","(1,Uncommon,0)","(1,Uncommon,0)","(1,Uncommon,0)","(1,Rare,0)","(1,Rare,0)","(1,Legendary,0)"
247,Role,16,62,3,Dispatch,"(1,Common,1)","(1,Common,0)","(1,Common,0)","(1,Common,0)","(1,Common,0)","(1,Common,0)","(1,Common,0)","(1,Common,0)","(1,Uncommon,0)","(1,Uncommon,0)","(1,Uncommon,0)","(1,Uncommon,0)","(1,Rare,0)","(1,Rare,0)","(1,Legendary,0)"
172,Location,11,43,4,Room,"(1,Common,1)","(1,Common,0)","(1,Common,0)","(1,Common,0)","(1,Common,0)","(1,Common,0)","(1,Common,0)","(1,Common,0)","(1,Uncommon,0)","(1,Uncommon,0)","(1,Uncommon,0)","(1,Uncommon,0)","(1,Rare,0)","(1,Rare,0)","(1,Legendary,0)"
71,Institution,5,18,3,University of Tokyo,"(1,Common,1)","(1,Common,0)","(1,Common,0)","(1,Common,0)","(1,Common,0)","(1,Common,0)","(1,Common,0)","(1,Common,0)","(1,Uncommon,0)","(1,Uncommon,0)","(1,Uncommon,0)","(1,Uncommon,0)","(1,Rare,0)","(1,Rare,0)","(1,Legendary,0)"
4,Distro,1,1,4,Utopia,"(1,Common,1)","(1,Common,0)","(1,Common,0)","(1,Common,0)","(1,Common,0)","(1,Common,0)","(1,Common,0)","(1,Common,0)","(1,Uncommon,0)","(1,Uncommon,0)","(1,Uncommon,0)","(1,Uncommon,0)","(1,Rare,0)","(1,Rare,0)","(1,Legendary,0)"
239,Role,15,60,3,Content Creation,"(1,Common,1)","(1,Common,0)","(1,Common,0)","(1,Common,0)","(1,Common,0)","(1,Common,0)","(1,Common,0)","(1,Common,0)","(1,Uncommon,0)","(1,Uncommon,0)","(1,Uncommon,0)","(1,Uncommon,0)","(1,Rare,0)","(1,Rare,0)","(1,Legendary,0)"
237,Role,15,60,1,Advertising,"(1,Common,1)","(1,Common,0)","(1,Common,0)","(1,Common,0)","(1,Common,0)","(1,Common,0)","(1,Common,0)","(1,Common,0)","(1,Uncommon,0)","(1,Uncommon,0)","(1,Uncommon,0)","(1,Uncommon,0)","(1,Rare,0)","(1,Rare,0)","(1,Legendary,0)"
233,Role,15,59,1,Benefits,"(1,Common,1)","(1,Common,0)","(1,Common,0)","(1,Common,0)","(1,Common,0)","(1,Common,0)","(1,Common,0)","(1,Common,0)","(1,Uncommon,0)","(1,Uncommon,0)","(1,Uncommon,0)","(1,Uncommon,0)","(1,Rare,0)","(1,Rare,0)","(1,Legendary,0)"
147,Location,10,37,3,Print Shop,"(1,Common,1)","(1,Common,0)","(1,Common,0)","(1,Common,0)","(1,Common,0)","(1,Common,0)","(1,Common,0)","(1,Common,0)","(1,Uncommon,0)","(1,Uncommon,0)","(1,Uncommon,0)","(1,Uncommon,0)","(1,Rare,0)","(1,Rare,0)","(1,Legendary,0)"
56,Distro,4,14,4,Olympus,"(1,Common,1)","(1,Common,0)","(1,Common,0)","(1,Common,0)","(1,Common,0)","(1,Common,0)","(1,Common,0)","(1,Common,0)","(1,Uncommon,0)","(1,Uncommon,0)","(1,Uncommon,0)","(1,Uncommon,0)","(1,Rare,0)","(1,Rare,0)","(1,Legendary,0)"
62,Distro,4,16,2,Genesis,"(1,Common,1)","(1,Common,0)","(1,Common,0)","(1,Common,0)","(1,Common,0)","(1,Common,0)","(1,Common,0)","(1,Common,0)","(1,Uncommon,0)","(1,Uncommon,0)","(1,Uncommon,0)","(1,Uncommon,0)","(1,Rare,0)","(1,Rare,0)","(1,Legendary,0)"
60,Distro,4,15,4,Sanctuary,"(1,Common,1)","(1,Common,0)","(1,Common,0)","(1,Common,0)","(1,Common,0)","(1,Common,0)","(1,Common,0)","(1,Common,0)","(1,Uncommon,0)","(1,Uncommon,0)","(1,Uncommon,0)","(1,Uncommon,0)","(1,Rare,0)","(1,Rare,0)","(1,Legendary,0)"
235,Role,15,59,3,Recruiting,"(1,Common,1)","(1,Common,0)","(1,Common,0)","(1,Common,0)","(1,Common,0)","(1,Common,0)","(1,Common,0)","(1,Common,0)","(1,Uncommon,0)","(1,Uncommon,0)","(1,Uncommon,0)","(1,Uncommon,0)","(1,Rare,0)","(1,Rare,0)","(1,Legendary,0)"
34,Distro,3,9,2,Ghost,"(1,Common,1)","(1,Common,0)","(1,Common,0)","(1,Common,0)","(1,Common,0)","(1,Common,0)","(1,Common,0)","(1,Common,0)","(1,Uncommon,0)","(1,Uncommon,0)","(1,Uncommon,0)","(1,Uncommon,0)","(1,Rare,0)","(1,Rare,0)","(1,Legendary,0)"
69,Institution,5,18,1,Cornell,"(1,Common,1)","(1,Common,0)","(1,Common,0)","(1,Common,0)","(1,Common,0)","(1,Common,0)","(1,Common,0)","(1,Common,0)","(1,Uncommon,0)","(1,Uncommon,0)","(1,Uncommon,0)","(1,Uncommon,0)","(1,Rare,0)","(1,Rare,0)","(1,Legendary,0)"
14,Distro,1,4,2,Nebula,"(1,Common,1)","(1,Common,0)","(1,Common,0)","(1,Common,0)","(1,Common,0)","(1,Common,0)","(1,Common,0)","(1,Common,0)","(1,Uncommon,0)","(1,Uncommon,0)","(1,Uncommon,0)","(1,Uncommon,0)","(1,Rare,0)","(1,Rare,0)","(1,Legendary,0)"
217,Role,14,55,1,AppSec,"(1,Common,1)","(1,Common,0)","(1,Common,0)","(1,Common,0)","(1,Common,0)","(1,Common,0)","(1,Common,0)","(1,Common,0)","(1,Uncommon,0)","(1,Uncommon,0)","(1,Uncommon,0)","(1,Uncommon,0)","(1,Rare,0)","(1,Rare,0)","(1,Legendary,0)"
170,Location,11,43,2,Business Center,"(1,Common,1)","(1,Common,0)","(1,Common,0)","(1,Common,0)","(1,Common,0)","(1,Common,0)","(1,Common,0)","(1,Common,0)","(1,Uncommon,0)","(1,Uncommon,0)","(1,Uncommon,0)","(1,Uncommon,0)","(1,Rare,0)","(1,Rare,0)","(1,Legendary,0)"
228,Role,15,57,4,Purchasing,"(1,Common,1)","(1,Common,0)","(1,Common,0)","(1,Common,0)","(1,Common,0)","(1,Common,0)","(1,Common,0)","(1,Common,0)","(1,Uncommon,0)","(1,Uncommon,0)","(1,Uncommon,0)","(1,Uncommon,0)","(1,Rare,0)","(1,Rare,0)","(1,Legendary,0)"
53,Distro,4,14,1,Hakim,"(1,Common,1)","(1,Common,0)","(1,Common,0)","(1,Common,0)","(1,Common,0)","(1,Common,0)","(1,Common,0)","(1,Common,0)","(1,Uncommon,0)","(1,Uncommon,0)","(1,Uncommon,0)","(1,Uncommon,0)","(1,Rare,0)","(1,Rare,0)","(1,Legendary,0)"
117,Institution,8,30,1,AncesTree,"(1,Common,1)","(1,Common,0)","(1,Common,0)","(1,Common,0)","(1,Common,0)","(1,Common,0)","(1,Common,0)","(1,Common,0)","(1,Uncommon,0)","(1,Uncommon,0)","(1,Uncommon,0)","(1,Uncommon,0)","(1,Rare,0)","(1,Rare,0)","(1,Legendary,0)"
249,Role,16,63,1,Inspection,"(1,Common,1)","(1,Common,0)","(1,Common,0)","(1,Common,0)","(1,Common,0)","(1,Common,0)","(1,Common,0)","(1,Common,0)","(1,Uncommon,0)","(1,Uncommon,0)","(1,Uncommon,0)","(1,Uncommon,0)","(1,Rare,0)","(1,Rare,0)","(1,Legendary,0)"
30,Distro,2,8,2,Icarus,"(1,Common,1)","(1,Common,0)","(1,Common,0)","(1,Common,0)","(1,Common,0)","(1,Common,0)","(1,Common,0)","(1,Common,0)","(1,Uncommon,0)","(1,Uncommon,0)","(1,Uncommon,0)","(1,Uncommon,0)","(1,Rare,0)","(1,Rare,0)","(1,Legendary,0)"
244,Role,16,61,4,Technician,"(1,Common,1)","(1,Common,0)","(1,Common,0)","(1,Common,0)","(1,Common,0)","(1,Common,0)","(1,Common,0)","(1,Common,0)","(1,Uncommon,0)","(1,Uncommon,0)","(1,Uncommon,0)","(1,Uncommon,0)","(1,Rare,0)","(1,Rare,0)","(1,Legendary,0)"
201,Role,13,51,1,Backend,"(1,Common,1)","(1,Common,0)","(1,Common,0)","(1,Common,0)","(1,Common,0)","(1,Common,0)","(1,Common,0)","(1,Common,0)","(1,Uncommon,0)","(1,Uncommon,0)","(1,Uncommon,0)","(1,Uncommon,0)","(1,Rare,0)","(1,Rare,0)","(1,Legendary,0)"
5,Distro,1,2,1,Dreamwalker,"(1,Common,1)","(1,Common,0)","(1,Common,0)","(1,Common,0)","(1,Common,0)","(1,Common,0)","(1,Common,0)","(1,Common,0)","(1,Uncommon,0)","(1,Uncommon,0)","(1,Uncommon,0)","(1,Uncommon,0)","(1,Rare,0)","(1,Rare,0)","(1,Legendary,0)"
101,Institution,7,26,1,ATI Pay,"(1,Common,1)","(1,Common,0)","(1,Common,0)","(1,Common,0)","(1,Common,0)","(1,Common,0)","(1,Common,0)","(1,Common,0)","(1,Uncommon,0)","(1,Uncommon,0)","(1,Uncommon,0)","(1,Uncommon,0)","(1,Rare,0)","(1,Rare,0)","(1,Legendary,0)"
36,Distro,3,9,4,Renegade,"(1,Common,1)","(1,Common,0)","(1,Common,0)","(1,Common,0)","(1,Common,0)","(1,Common,0)","(1,Common,0)","(1,Common,0)","(1,Uncommon,0)","(1,Uncommon,0)","(1,Uncommon,0)","(1,Uncommon,0)","(1,Rare,0)","(1,Rare,0)","(1,Legendary,0)"
196,Role,13,49,4,UI/UX,"(1,Common,1)","(1,Common,0)","(1,Common,0)","(1,Common,0)","(1,Common,0)","(1,Common,0)","(1,Common,0)","(1,Common,0)","(1,Uncommon,0)","(1,Uncommon,0)","(1,Uncommon,0)","(1,Uncommon,0)","(1,Rare,0)","(1,Rare,0)","(1,Legendary,0)"
157,Location,10,40,1,Bus Stop,"(1,Common,1)","(1,Common,0)","(1,Common,0)","(1,Common,0)","(1,Common,0)","(1,Common,0)","(1,Common,0)","(1,Common,0)","(1,Uncommon,0)","(1,Uncommon,0)","(1,Uncommon,0)","(1,Uncommon,0)","(1,Rare,0)","(1,Rare,0)","(1,Legendary,0)"
21,Distro,2,6,1,Epicurus,"(1,Common,1)","(1,Common,0)","(1,Common,0)","(1,Common,0)","(1,Common,0)","(1,Common,0)","(1,Common,0)","(1,Common,0)","(1,Uncommon,0)","(1,Uncommon,0)","(1,Uncommon,0)","(1,Uncommon,0)","(1,Rare,0)","(1,Rare,0)","(1,Legendary,0)"
85,Institution,6,22,1,CISA,"(1,Common,1)","(1,Common,0)","(1,Common,0)","(1,Common,0)","(1,Common,0)","(1,Common,0)","(1,Common,0)","(1,Common,0)","(1,Uncommon,0)","(1,Uncommon,0)","(1,Uncommon,0)","(1,Uncommon,0)","(1,Rare,0)","(1,Rare,0)","(1,Legendary,0)"
185,Location,12,47,1,City Services,"(1,Common,1)","(1,Common,0)","(1,Common,0)","(1,Common,0)","(1,Common,0)","(1,Common,0)","(1,Common,0)","(1,Common,0)","(1,Uncommon,0)","(1,Uncommon,0)","(1,Uncommon,0)","(1,Uncommon,0)","(1,Rare,0)","(1,Rare,0)","(1,Legendary,0)"
186,Location,12,47,2,Fire Station,"(1,Common,1)","(1,Common,0)","(1,Common,0)","(1,Common,0)","(1,Common,0)","(1,Common,0)","(1,Common,0)","(1,Common,0)","(1,Uncommon,0)","(1,Uncommon,0)","(1,Uncommon,0)","(1,Uncommon,0)","(1,Rare,0)","(1,Rare,0)","(1,Legendary,0)"
90,Institution,6,23,2,KISA,"(1,Common,1)","(1,Common,0)","(1,Common,0)","(1,Common,0)","(1,Common,0)","(1,Common,0)","(1,Common,0)","(1,Common,0)","(1,Uncommon,0)","(1,Uncommon,0)","(1,Uncommon,0)","(1,Uncommon,0)","(1,Rare,0)","(1,Rare,0)","(1,Legendary,0)"
37,Distro,3,10,1,Infinity,"(1,Common,1)","(1,Common,0)","(1,Common,0)","(1,Common,0)","(1,Common,0)","(1,Common,0)","(1,Common,0)","(1,Common,0)","(1,Uncommon,0)","(1,Uncommon,0)","(1,Uncommon,0)","(1,Uncommon,0)","(1,Rare,0)","(1,Rare,0)","(1,Legendary,0)"
25,Distro,2,7,1,Cyberpunk,"(1,Common,1)","(1,Common,0)","(1,Common,0)","(1,Common,0)","(1,Common,0)","(1,Common,0)","(1,Common,0)","(1,Common,0)","(1,Uncommon,0)","(1,Uncommon,0)","(1,Uncommon,0)","(1,Uncommon,0)","(1,Rare,0)","(1,Rare,0)","(1,Legendary,0)"
189,Location,12,48,1,Callbox Access,"(1,Common,1)","(1,Common,0)","(1,Common,0)","(1,Common,0)","(1,Common,0)","(1,Common,0)","(1,Common,0)","(1,Common,0)","(1,Uncommon,0)","(1,Uncommon,0)","(1,Uncommon,0)","(1,Uncommon,0)","(1,Rare,0)","(1,Rare,0)","(1,Legendary,0)"
137,Location,9,35,1,Floating Desk,"(1,Common,1)","(1,Common,0)","(1,Common,0)","(1,Common,0)","(1,Common,0)","(1,Common,0)","(1,Common,0)","(1,Common,0)","(1,Uncommon,0)","(1,Uncommon,0)","(1,Uncommon,0)","(1,Uncommon,0)","(1,Rare,0)","(1,Rare,0)","(1,Legendary,0)"
158,Location,10,40,2,City Park,"(1,Common,1)","(1,Common,0)","(1,Common,0)","(1,Common,0)","(1,Common,0)","(1,Common,0)","(1,Common,0)","(1,Common,0)","(1,Uncommon,0)","(1,Uncommon,0)","(1,Uncommon,0)","(1,Uncommon,0)","(1,Rare,0)","(1,Rare,0)","(1,Legendary,0)"
122,Institution,8,31,2,ConTRAC,"(1,Common,1)","(1,Common,0)","(1,Common,0)","(1,Common,0)","(1,Common,0)","(1,Common,0)","(1,Common,0)","(1,Common,0)","(1,Uncommon,0)","(1,Uncommon,0)","(1,Uncommon,0)","(1,Uncommon,0)","(1,Rare,0)","(1,Rare,0)","(1,Legendary,0)"
154,Location,10,39,2,Nightclub,"(1,Common,1)","(1,Common,0)","(1,Common,0)","(1,Common,0)","(1,Common,0)","(1,Common,0)","(1,Common,0)","(1,Common,0)","(1,Uncommon,0)","(1,Uncommon,0)","(1,Uncommon,0)","(1,Uncommon,0)","(1,Rare,0)","(1,Rare,0)","(1,Legendary,0)"
74,Institution,5,19,2,MIT,"(1,Common,1)","(1,Common,0)","(1,Common,0)","(1,Common,0)","(1,Common,0)","(1,Common,0)","(1,Common,0)","(1,Common,0)","(1,Uncommon,0)","(1,Uncommon,0)","(1,Uncommon,0)","(1,Uncommon,0)","(1,Rare,0)","(1,Rare,0)","(1,Legendary,0)"
153,Location,10,39,1,Coffee Shop,"(1,Common,1)","(1,Common,0)","(1,Common,0)","(1,Common,0)","(1,Common,0)","(1,Common,0)","(1,Common,0)","(1,Common,0)","(1,Uncommon,0)","(1,Uncommon,0)","(1,Uncommon,0)","(1,Uncommon,0)","(1,Rare,0)","(1,Rare,0)","(1,Legendary,0)"
18,Distro,2,5,2,Immortal,"(1,Common,1)","(1,Common,0)","(1,Common,0)","(1,Common,0)","(1,Common,0)","(1,Common,0)","(1,Common,0)","(1,Common,0)","(1,Uncommon,0)","(1,Uncommon,0)","(1,Uncommon,0)","(1,Uncommon,0)","(1,Rare,0)","(1,Rare,0)","(1,Legendary,0)"
138,Location,9,35,2,Kitchenette,"(1,Common,1)","(1,Common,0)","(1,Common,0)","(1,Common,0)","(1,Common,0)","(1,Common,0)","(1,Common,0)","(1,Common,0)","(1,Uncommon,0)","(1,Uncommon,0)","(1,Uncommon,0)","(1,Uncommon,0)","(1,Rare,0)","(1,Rare,0)","(1,Legendary,0)"
216,Role,14,54,4,Server Room,"(1,Common,1)","(1,Common,0)","(1,Common,0)","(1,Common,0)","(1,Common,0)","(1,Common,0)","(1,Common,0)","(1,Common,0)","(1,Uncommon,0)","(1,Uncommon,0)","(1,Uncommon,0)","(1,Uncommon,0)","(1,Rare,0)","(1,Rare,0)","(1,Legendary,0)"
212,Role,14,53,4,Web Dev,"(1,Common,1)","(1,Common,0)","(1,Common,0)","(1,Common,0)","(1,Common,0)","(1,Common,0)","(1,Common,0)","(1,Common,0)","(1,Uncommon,0)","(1,Uncommon,0)","(1,Uncommon,0)","(1,Uncommon,0)","(1,Rare,0)","(1,Rare,0)","(1,Legendary,0)"
102,Institution,7,26,2,CONCAS,"(1,Common,1)","(1,Common,0)","(1,Common,0)","(1,Common,0)","(1,Common,0)","(1,Common,0)","(1,Common,0)","(1,Common,0)","(1,Uncommon,0)","(1,Uncommon,0)","(1,Uncommon,0)","(1,Uncommon,0)","(1,Rare,0)","(1,Rare,0)","(1,Legendary,0)"
141,Location,9,36,1,Assigned Desk,"(1,Common,1)","(1,Common,0)","(1,Common,0)","(1,Common,0)","(1,Common,0)","(1,Common,0)","(1,Common,0)","(1,Common,0)","(1,Uncommon,0)","(1,Uncommon,0)","(1,Uncommon,0)","(1,Uncommon,0)","(1,Rare,0)","(1,Rare,0)","(1,Legendary,0)"
142,Location,9,36,2,Cubicle,"(1,Common,1)","(1,Common,0)","(1,Common,0)","(1,Common,0)","(1,Common,0)","(1,Common,0)","(1,Common,0)","(1,Common,0)","(1,Uncommon,0)","(1,Uncommon,0)","(1,Uncommon,0)","(1,Uncommon,0)","(1,Rare,0)","(1,Rare,0)","(1,Legendary,0)"
97,Institution,7,25,1,Akala Brands,"(1,Common,1)","(1,Common,0)","(1,Common,0)","(1,Common,0)","(1,Common,0)","(1,Common,0)","(1,Common,0)","(1,Common,0)","(1,Uncommon,0)","(1,Uncommon,0)","(1,Uncommon,0)","(1,Uncommon,0)","(1,Rare,0)","(1,Rare,0)","(1,Legendary,0)"
41,Distro,3,11,1,Emerald,"(1,Common,1)","(1,Common,0)","(1,Common,0)","(1,Common,0)","(1,Common,0)","(1,Common,0)","(1,Common,0)","(1,Common,0)","(1,Uncommon,0)","(1,Uncommon,0)","(1,Uncommon,0)","(1,Uncommon,0)","(1,Rare,0)","(1,Rare,0)","(1,Legendary,0)"
86,Institution,6,22,2,FINEP Brasil,"(1,Common,1)","(1,Common,0)","(1,Common,0)","(1,Common,0)","(1,Common,0)","(1,Common,0)","(1,Common,0)","(1,Common,0)","(1,Uncommon,0)","(1,Uncommon,0)","(1,Uncommon,0)","(1,Uncommon,0)","(1,Rare,0)","(1,Rare,0)","(1,Legendary,0)"
33,Distro,3,9,1,Flux,"(1,Common,1)","(1,Common,0)","(1,Common,0)","(1,Common,0)","(1,Common,0)","(1,Common,0)","(1,Common,0)","(1,Common,0)","(1,Uncommon,0)","(1,Uncommon,0)","(1,Uncommon,0)","(1,Uncommon,0)","(1,Rare,0)","(1,Rare,0)","(1,Legendary,0)"
248,Role,16,62,4,Guard,"(1,Common,1)","(1,Common,0)","(1,Common,0)","(1,Common,0)","(1,Common,0)","(1,Common,0)","(1,Common,0)","(1,Common,0)","(1,Uncommon,0)","(1,Uncommon,0)","(1,Uncommon,0)","(1,Uncommon,0)","(1,Rare,0)","(1,Rare,0)","(1,Legendary,0)"
64,Distro,4,16,4,Miracle,"(1,Common,1)","(1,Common,0)","(1,Common,0)","(1,Common,0)","(1,Common,0)","(1,Common,0)","(1,Common,0)","(1,Common,0)","(1,Uncommon,0)","(1,Uncommon,0)","(1,Uncommon,0)","(1,Uncommon,0)","(1,Rare,0)","(1,Rare,0)","(1,Legendary,0)"
221,Role,14,56,1,Call Center,"(1,Common,1)","(1,Common,0)","(1,Common,0)","(1,Common,0)","(1,Common,0)","(1,Common,0)","(1,Common,0)","(1,Common,0)","(1,Uncommon,0)","(1,Uncommon,0)","(1,Uncommon,0)","(1,Uncommon,0)","(1,Rare,0)","(1,Rare,0)","(1,Legendary,0)"
121,Institution,8,31,1,Automata,"(1,Common,1)","(1,Common,0)","(1,Common,0)","(1,Common,0)","(1,Common,0)","(1,Common,0)","(1,Common,0)","(1,Common,0)","(1,Uncommon,0)","(1,Uncommon,0)","(1,Uncommon,0)","(1,Uncommon,0)","(1,Rare,0)","(1,Rare,0)","(1,Legendary,0)"
70,Institution,5,18,2,Donders Institute,"(1,Common,1)","(1,Common,0)","(1,Common,0)","(1,Common,0)","(1,Common,0)","(1,Common,0)","(1,Common,0)","(1,Common,0)","(1,Uncommon,0)","(1,Uncommon,0)","(1,Uncommon,0)","(1,Uncommon,0)","(1,Rare,0)","(1,Rare,0)","(1,Legendary,0)"
49,Distro,4,13,1,Forbidden City,"(1,Common,1)","(1,Common,0)","(1,Common,0)","(1,Common,0)","(1,Common,0)","(1,Common,0)","(1,Common,0)","(1,Common,0)","(1,Uncommon,0)","(1,Uncommon,0)","(1,Uncommon,0)","(1,Uncommon,0)","(1,Rare,0)","(1,Rare,0)","(1,Legendary,0)"
200,Role,13,50,4,Scheduling,"(1,Common,1)","(1,Common,0)","(1,Common,0)","(1,Common,0)","(1,Common,0)","(1,Common,0)","(1,Common,0)","(1,Common,0)","(1,Uncommon,0)","(1,Uncommon,0)","(1,Uncommon,0)","(1,Uncommon,0)","(1,Rare,0)","(1,Rare,0)","(1,Legendary,0)"
118,Institution,8,30,2,Mod Central,"(1,Common,1)","(1,Common,0)","(1,Common,0)","(1,Common,0)","(1,Common,0)","(1,Common,0)","(1,Common,0)","(1,Common,0)","(1,Uncommon,0)","(1,Uncommon,0)","(1,Uncommon,0)","(1,Uncommon,0)","(1,Rare,0)","(1,Rare,0)","(1,Legendary,0)"
94,Institution,6,24,2,ENISA,"(1,Common,1)","(1,Common,0)","(1,Common,0)","(1,Common,0)","(1,Common,0)","(1,Common,0)","(1,Common,0)","(1,Common,0)","(1,Uncommon,0)","(1,Uncommon,0)","(1,Uncommon,0)","(1,Uncommon,0)","(1,Rare,0)","(1,Rare,0)","(1,Legendary,0)"
224,Role,14,56,4,Support Tech,"(1,Common,1)","(1,Common,0)","(1,Common,0)","(1,Common,0)","(1,Common,0)","(1,Common,0)","(1,Common,0)","(1,Common,0)","(1,Uncommon,0)","(1,Uncommon,0)","(1,Uncommon,0)","(1,Uncommon,0)","(1,Rare,0)","(1,Rare,0)","(1,Legendary,0)"
17,Distro,2,5,1,Elysium,"(1,Common,1)","(1,Common,0)","(1,Common,0)","(1,Common,0)","(1,Common,0)","(1,Common,0)","(1,Common,0)","(1,Common,0)","(1,Uncommon,0)","(1,Uncommon,0)","(1,Uncommon,0)","(1,Uncommon,0)","(1,Rare,0)","(1,Rare,0)","(1,Legendary,0)"
181,Location,12,46,1,Basement,"(1,Common,1)","(1,Common,0)","(1,Common,0)","(1,Common,0)","(1,Common,0)","(1,Common,0)","(1,Common,0)","(1,Common,0)","(1,Uncommon,0)","(1,Uncommon,0)","(1,Uncommon,0)","(1,Uncommon,0)","(1,Rare,0)","(1,Rare,0)","(1,Legendary,0)"
146,Location,10,37,2,Newsstand,"(1,Common,1)","(1,Common,0)","(1,Common,0)","(1,Common,0)","(1,Common,0)","(1,Common,0)","(1,Common,0)","(1,Common,0)","(1,Uncommon,0)","(1,Uncommon,0)","(1,Uncommon,0)","(1,Uncommon,0)","(1,Rare,0)","(1,Rare,0)","(1,Legendary,0)"
173,Location,11,44,1,Barracks,"(1,Common,1)","(1,Common,0)","(1,Common,0)","(1,Common,0)","(1,Common,0)","(1,Common,0)","(1,Common,0)","(1,Common,0)","(1,Uncommon,0)","(1,Uncommon,0)","(1,Uncommon,0)","(1,Uncommon,0)","(1,Rare,0)","(1,Rare,0)","(1,Legendary,0)"
1,Distro,1,1,1,Aadvark,"(1,Common,1)","(1,Common,0)","(1,Common,0)","(1,Common,0)","(1,Common,0)","(1,Common,0)","(1,Common,0)","(1,Common,0)","(1,Uncommon,0)","(1,Uncommon,0)","(1,Uncommon,0)","(1,Uncommon,0)","(1,Rare,0)","(1,Rare,0)","(1,Legendary,0)"
169,Location,11,43,1,Ballroom,"(1,Common,1)","(1,Common,0)","(1,Common,0)","(1,Common,0)","(1,Common,0)","(1,Common,0)","(1,Common,0)","(1,Common,0)","(1,Uncommon,0)","(1,Uncommon,0)","(1,Uncommon,0)","(1,Uncommon,0)","(1,Rare,0)","(1,Rare,0)","(1,Legendary,0)"
57,Distro,4,15,1,Golem,"(1,Common,1)","(1,Common,0)","(1,Common,0)","(1,Common,0)","(1,Common,0)","(1,Common,0)","(1,Common,0)","(1,Common,0)","(1,Uncommon,0)","(1,Uncommon,0)","(1,Uncommon,0)","(1,Uncommon,0)","(1,Rare,0)","(1,Rare,0)","(1,Legendary,0)"
61,Distro,4,16,1,Eternity,"(1,Common,1)","(1,Common,0)","(1,Common,0)","(1,Common,0)","(1,Common,0)","(1,Common,0)","(1,Common,0)","(1,Common,0)","(1,Uncommon,0)","(1,Uncommon,0)","(1,Uncommon,0)","(1,Uncommon,0)","(1,Rare,0)","(1,Rare,0)","(1,Legendary,0)"
165,Location,11,42,1,Gated,"(1,Common,1)","(1,Common,0)","(1,Common,0)","(1,Common,0)","(1,Common,0)","(1,Common,0)","(1,Common,0)","(1,Common,0)","(1,Uncommon,0)","(1,Uncommon,0)","(1,Uncommon,0)","(1,Uncommon,0)","(1,Rare,0)","(1,Rare,0)","(1,Legendary,0)"
232,Role,15,58,4,Secretary,"(1,Common,1)","(1,Common,0)","(1,Common,0)","(1,Common,0)","(1,Common,0)","(1,Common,0)","(1,Common,0)","(1,Common,0)","(1,Uncommon,0)","(1,Uncommon,0)","(1,Uncommon,0)","(1,Uncommon,0)","(1,Rare,0)","(1,Rare,0)","(1,Legendary,0)"
10,Distro,1,3,2,Hydra,"(1,Common,1)","(1,Common,0)","(1,Common,0)","(1,Common,0)","(1,Common,0)","(1,Common,0)","(1,Common,0)","(1,Common,0)","(1,Uncommon,0)","(1,Uncommon,0)","(1,Uncommon,0)","(1,Uncommon,0)","(1,Rare,0)","(1,Rare,0)","(1,Legendary,0)"
11,Distro,1,3,3,Serpent,"(1,Common,1)","(1,Common,0)","(1,Common,0)","(1,Common,0)","(1,Common,0)","(1,Common,0)","(1,Common,0)","(1,Common,0)","(1,Uncommon,0)","(1,Uncommon,0)","(1,Uncommon,0)","(1,Uncommon,0)","(1,Rare,0)","(1,Rare,0)","(1,Legendary,0)"
9,Distro,1,3,1,Dragon,"(1,Common,1)","(1,Common,0)","(1,Common,0)","(1,Common,0)","(1,Common,0)","(1,Common,0)","(1,Common,0)","(1,Common,0)","(1,Uncommon,0)","(1,Uncommon,0)","(1,Uncommon,0)","(1,Uncommon,0)","(1,Rare,0)","(1,Rare,0)","(1,Legendary,0)"
12,Distro,1,3,4,Wyvern,"(1,Common,1)","(1,Common,0)","(1,Common,0)","(1,Common,0)","(1,Common,0)","(1,Common,0)","(1,Common,0)","(1,Common,0)","(1,Uncommon,0)","(1,Uncommon,0)","(1,Uncommon,0)","(1,Uncommon,0)","(1,Rare,0)","(1,Rare,0)","(1,Legendary,0)"
